configuration_id,molecule_id,molecule_name,family,n_atoms,energy_eV,max_force_eV_A,rms_force_eV_A
M01_C001,M01,benzene,aromatic_hydrocarbon,12,-6307.907164112027,0.22000099,0.12772414724543174
M01_C002,M01,benzene,aromatic_hydrocarbon,12,-6307.139976561962,3.45992499,1.1759525639402937
M01_C003,M01,benzene,aromatic_hydrocarbon,12,-6306.930399263377,5.64699812,1.734189621736337
M01_C004,M01,benzene,aromatic_hydrocarbon,12,-6306.501323343081,6.41380803,2.2668123934797855
M01_C005,M01,benzene,aromatic_hydrocarbon,12,-6306.794353815661,4.66564143,1.6713803425460843
M01_C006,M01,benzene,aromatic_hydrocarbon,12,-6307.048993439775,4.53440641,1.4816976449365151
M01_C007,M01,benzene,aromatic_hydrocarbon,12,-6306.936105528562,3.37352295,1.3402349432819343
M01_C008,M01,benzene,aromatic_hydrocarbon,12,-6307.026549492607,4.1224011,1.4844384921939677
M01_C009,M01,benzene,aromatic_hydrocarbon,12,-6306.23997041942,6.53976465,1.9594047648870767
M01_C010,M01,benzene,aromatic_hydrocarbon,12,-6306.548771298773,4.50437527,1.4877787802484144
M01_C011,M01,benzene,aromatic_hydrocarbon,12,-6306.9710364636785,6.02589468,1.7357959035866029
M01_C012,M01,benzene,aromatic_hydrocarbon,12,-6306.895375056493,4.08059814,1.633405139813729
M01_C013,M01,benzene,aromatic_hydrocarbon,12,-6306.835290052274,4.92285002,1.7382566374769042
M01_C014,M01,benzene,aromatic_hydrocarbon,12,-6306.918781025681,3.51981326,1.4503531719949991
M01_C015,M01,benzene,aromatic_hydrocarbon,12,-6306.7271847488955,5.54032753,1.6072591938312866
M01_C016,M01,benzene,aromatic_hydrocarbon,12,-6306.41078493238,5.82182606,2.29977523318662
M01_C017,M01,benzene,aromatic_hydrocarbon,12,-6306.713201308584,4.04194424,1.7756973686940984
M01_C018,M01,benzene,aromatic_hydrocarbon,12,-6306.452066275316,6.71281546,2.397364763715053
M01_C019,M01,benzene,aromatic_hydrocarbon,12,-6306.694233591069,6.64433317,2.2168001382636646
M01_C020,M01,benzene,aromatic_hydrocarbon,12,-6306.00303554114,8.29752058,2.7678833985206084
M01_C021,M01,benzene,aromatic_hydrocarbon,12,-6307.110454435837,4.13861562,1.2263563839773028
M01_C022,M01,benzene,aromatic_hydrocarbon,12,-6306.478075432177,7.98438109,2.5185953265865946
M01_C023,M01,benzene,aromatic_hydrocarbon,12,-6306.37735880388,5.9810182,2.342896002525025
M02_C001,M02,toluene,aromatic_hydrocarbon,15,-7375.782602059891,0.40287454,0.17092652006003736
M02_C002,M02,toluene,aromatic_hydrocarbon,15,-7374.9428354779175,3.99155384,1.3234815270921887
M02_C003,M02,toluene,aromatic_hydrocarbon,15,-7374.213596477226,5.05148387,1.9653662283154778
M02_C004,M02,toluene,aromatic_hydrocarbon,15,-7374.87617560189,3.29816609,1.3366417777422896
M02_C005,M02,toluene,aromatic_hydrocarbon,15,-7374.604722687318,4.46767301,1.6013187540937086
M02_C006,M02,toluene,aromatic_hydrocarbon,15,-7374.7633236159545,4.13196375,1.3451695871660712
M02_C007,M02,toluene,aromatic_hydrocarbon,15,-7374.679467563433,5.07693303,1.3974642229504446
M02_C008,M02,toluene,aromatic_hydrocarbon,15,-7374.489599808169,4.05306081,1.5148932839254796
M02_C009,M02,toluene,aromatic_hydrocarbon,15,-7374.623848248721,3.79648966,1.4006269706497037
M02_C010,M02,toluene,aromatic_hydrocarbon,15,-7374.822505172859,3.19755652,1.1172268031916903
M02_C011,M02,toluene,aromatic_hydrocarbon,15,-7373.795986193239,9.31662797,2.65411234232919
M02_C012,M02,toluene,aromatic_hydrocarbon,15,-7374.104644732593,5.83899503,2.148030244930982
M02_C013,M02,toluene,aromatic_hydrocarbon,15,-7374.517385214666,3.76499848,1.6114683786196558
M02_C014,M02,toluene,aromatic_hydrocarbon,15,-7374.301611583164,5.48941455,1.7472633159914195
M02_C015,M02,toluene,aromatic_hydrocarbon,15,-7374.739463942107,5.03067989,1.7979582278907986
M02_C016,M02,toluene,aromatic_hydrocarbon,15,-7374.44304563606,4.1823758,1.5107899054851188
M02_C017,M02,toluene,aromatic_hydrocarbon,15,-7373.820174311255,7.3496397,2.43569693734015
M02_C018,M02,toluene,aromatic_hydrocarbon,15,-7374.599377833096,4.5405813,1.5078253258864083
M02_C019,M02,toluene,aromatic_hydrocarbon,15,-7374.533177992613,5.41356383,1.5726586659193873
M02_C020,M02,toluene,aromatic_hydrocarbon,15,-7374.58208695896,4.87644414,1.418130839173308
M02_C021,M02,toluene,aromatic_hydrocarbon,15,-7374.854102719554,4.02204744,1.3485555334927897
M02_C022,M02,toluene,aromatic_hydrocarbon,15,-7374.103862829808,9.48698242,2.544787058316894
M02_C023,M02,toluene,aromatic_hydrocarbon,15,-7374.55462072529,5.13872259,1.5709069896595578
M02_C024,M02,toluene,aromatic_hydrocarbon,15,-7374.499918050347,5.47033639,1.7903909513351803
M03_C001,M03,naphthalene,aromatic_hydrocarbon,18,-10481.147628403158,1.41434323,0.5597045735523335
M03_C002,M03,naphthalene,aromatic_hydrocarbon,18,-10480.534709899342,3.22981816,0.9952725062533105
M03_C003,M03,naphthalene,aromatic_hydrocarbon,18,-10479.391612475605,7.19407409,1.9979413857736066
M03_C004,M03,naphthalene,aromatic_hydrocarbon,18,-10479.030963574563,6.88176753,2.2832140759672575
M03_C005,M03,naphthalene,aromatic_hydrocarbon,18,-10480.188582557732,4.16355812,1.3621212223172996
M03_C006,M03,naphthalene,aromatic_hydrocarbon,18,-10479.57796973039,5.69689003,1.6169630147221097
M03_C007,M03,naphthalene,aromatic_hydrocarbon,18,-10480.18131871435,2.75502432,1.1360304186223191
M03_C008,M03,naphthalene,aromatic_hydrocarbon,18,-10479.270541034075,6.60314598,2.0035771977009644
M03_C009,M03,naphthalene,aromatic_hydrocarbon,18,-10479.935692523859,7.73619601,1.5015038168938417
M03_C010,M03,naphthalene,aromatic_hydrocarbon,18,-10479.559179267622,3.50031425,1.458146696758987
M03_C011,M03,naphthalene,aromatic_hydrocarbon,18,-10479.85413638763,6.93540964,1.7258179599160952
M03_C012,M03,naphthalene,aromatic_hydrocarbon,18,-10480.089278535412,4.06865469,1.3266360269313249
M03_C013,M03,naphthalene,aromatic_hydrocarbon,18,-10479.829319360226,4.09170033,1.401230980365899
M03_C014,M03,naphthalene,aromatic_hydrocarbon,18,-10479.528785115068,4.43037554,1.8080228814717583
M03_C015,M03,naphthalene,aromatic_hydrocarbon,18,-10479.615883055203,7.30386884,2.0058408589737393
M03_C016,M03,naphthalene,aromatic_hydrocarbon,18,-10479.82646556989,9.15804671,1.9712114031558146
M03_C017,M03,naphthalene,aromatic_hydrocarbon,18,-10480.220165676994,3.63280442,1.2171474772790447
M03_C018,M03,naphthalene,aromatic_hydrocarbon,18,-10478.934525933137,10.11265615,2.2800446604424724
M03_C019,M03,naphthalene,aromatic_hydrocarbon,18,-10479.118166958851,7.04962123,2.0897795205533423
M03_C020,M03,naphthalene,aromatic_hydrocarbon,18,-10479.806701106534,4.64474527,1.5029827024423092
M03_C021,M03,naphthalene,aromatic_hydrocarbon,18,-10480.005820462942,5.32442123,1.6035361178397436
M03_C022,M03,naphthalene,aromatic_hydrocarbon,18,-10479.922100337386,5.14393228,1.4228675205021382
M03_C023,M03,naphthalene,aromatic_hydrocarbon,18,-10479.600894291145,4.94515268,1.6117627133458445
M03_C024,M03,naphthalene,aromatic_hydrocarbon,18,-10479.595424893141,5.46821134,1.60818381658904
M04_C001,M04,anthracene,aromatic_hydrocarbon,24,-14654.206412251555,1.79136628,0.6954421294924512
M04_C002,M04,anthracene,aromatic_hydrocarbon,24,-14652.316793269882,4.81114152,1.7359882434573883
M04_C003,M04,anthracene,aromatic_hydrocarbon,24,-14652.63696113104,6.27424719,1.6456898358037761
M04_C004,M04,anthracene,aromatic_hydrocarbon,24,-14652.780832554408,4.12802527,1.5326980175418492
M04_C005,M04,anthracene,aromatic_hydrocarbon,24,-14652.328358354773,4.76249318,1.62556245617037
M04_C006,M04,anthracene,aromatic_hydrocarbon,24,-14652.00863567147,7.22754074,2.0331105796339903
M04_C007,M04,anthracene,aromatic_hydrocarbon,24,-14652.097762483128,6.62995139,1.8704895606664593
M04_C008,M04,anthracene,aromatic_hydrocarbon,24,-14652.308129045117,6.77884931,1.8661073484097181
M04_C009,M04,anthracene,aromatic_hydrocarbon,24,-14652.538717393429,8.12865255,1.8318759600942602
M04_C010,M04,anthracene,aromatic_hydrocarbon,24,-14652.32227812072,6.0395571,1.8282236020776053
M04_C011,M04,anthracene,aromatic_hydrocarbon,24,-14652.335476278602,5.80172476,1.7583738766519388
M04_C012,M04,anthracene,aromatic_hydrocarbon,24,-14651.37252306519,8.01575933,2.4599593418463215
M04_C013,M04,anthracene,aromatic_hydrocarbon,24,-14653.0874332501,5.6501006,1.2453198690653022
M04_C014,M04,anthracene,aromatic_hydrocarbon,24,-14652.421833503658,6.06684421,1.6837669950142575
M04_C015,M04,anthracene,aromatic_hydrocarbon,24,-14651.874911830382,8.83387648,2.064390904575517
M04_C016,M04,anthracene,aromatic_hydrocarbon,24,-14653.073391608548,6.18463497,1.4913682195476783
M04_C017,M04,anthracene,aromatic_hydrocarbon,24,-14652.273164284907,5.22404757,1.8603611578586274
M04_C018,M04,anthracene,aromatic_hydrocarbon,24,-14652.64882587686,3.78438033,1.451747175980754
M04_C019,M04,anthracene,aromatic_hydrocarbon,24,-14651.744383918027,6.46873108,2.066266175847182
M04_C020,M04,anthracene,aromatic_hydrocarbon,24,-14652.62959193223,5.35339722,1.5631262530008656
M04_C021,M04,anthracene,aromatic_hydrocarbon,24,-14652.607116832007,4.24529059,1.4021308720962424
M04_C022,M04,anthracene,aromatic_hydrocarbon,24,-14651.461704857411,6.6431404,2.2248257133690714
M04_C023,M04,anthracene,aromatic_hydrocarbon,24,-14652.429891092115,6.43884929,1.7969612110118534
M04_C024,M04,anthracene,aromatic_hydrocarbon,24,-14652.379880985394,8.47894919,1.8182700188995629
M05_C001,M05,phenol,O_N_aromatic,13,-8351.282398056012,1.03138513,0.28156735530391686
M05_C002,M05,phenol,O_N_aromatic,13,-8350.124227677694,6.20612159,1.746557183833969
M05_C003,M05,phenol,O_N_aromatic,13,-8350.249480447155,3.50401783,1.3220510733807562
M05_C004,M05,phenol,O_N_aromatic,13,-8349.72765348413,6.00316592,2.410890799109333
M05_C005,M05,phenol,O_N_aromatic,13,-8350.430974840801,3.71823528,1.2579475984323567
M05_C006,M05,phenol,O_N_aromatic,13,-8350.38962084959,5.69649483,1.5931661650875675
M05_C007,M05,phenol,O_N_aromatic,13,-8350.278426705183,3.73391819,1.3823703640924525
M05_C008,M05,phenol,O_N_aromatic,13,-8349.91056534121,8.09512557,2.4567375855190603
M05_C009,M05,phenol,O_N_aromatic,13,-8350.599143907973,3.98400537,1.373565796170317
M05_C010,M05,phenol,O_N_aromatic,13,-8350.245407536402,4.61277464,1.5870543842893374
M05_C011,M05,phenol,O_N_aromatic,13,-8349.780675878283,6.94445086,2.4206033062975845
M05_C012,M05,phenol,O_N_aromatic,13,-8350.099048527334,5.76532188,1.8390977221561506
M05_C013,M05,phenol,O_N_aromatic,13,-8350.1166102974,3.19369387,1.413062436783419
M05_C014,M05,phenol,O_N_aromatic,13,-8350.019291571936,7.81318002,2.1104398859147984
M05_C015,M05,phenol,O_N_aromatic,13,-8350.310731096268,5.4191093,1.6582446658556724
M05_C016,M05,phenol,O_N_aromatic,13,-8349.63505808688,5.32430832,2.10927850262971
M05_C017,M05,phenol,O_N_aromatic,13,-8350.332312954257,4.22375455,1.3973426226930064
M05_C018,M05,phenol,O_N_aromatic,13,-8349.862333064824,4.55512185,1.904570963404663
M05_C019,M05,phenol,O_N_aromatic,13,-8350.058943976237,4.31470877,1.7457820939641975
M05_C020,M05,phenol,O_N_aromatic,13,-8350.264361036276,4.24577381,1.5037948060120256
M05_C021,M05,phenol,O_N_aromatic,13,-8349.37192386838,9.72946193,2.994693109707987
M05_C022,M05,phenol,O_N_aromatic,13,-8349.815945525837,5.25780786,1.9416613644034146
M06_C001,M06,anisole,O_N_aromatic,16,-9418.620407508524,0.96185163,0.2953404432327437
M06_C002,M06,anisole,O_N_aromatic,16,-9417.656330397125,3.25637349,1.1130798752719266
M06_C003,M06,anisole,O_N_aromatic,16,-9417.899524945668,2.49439741,0.9911771895181621
M06_C004,M06,anisole,O_N_aromatic,16,-9416.977601074492,5.87749905,2.2325698384248316
M06_C005,M06,anisole,O_N_aromatic,16,-9416.803557326706,7.04871316,1.9516804351224557
M06_C006,M06,anisole,O_N_aromatic,16,-9417.771637402968,4.80337345,1.3413296550919782
M06_C007,M06,anisole,O_N_aromatic,16,-9417.409197621793,4.33093157,1.547811554896962
M06_C008,M06,anisole,O_N_aromatic,16,-9417.933619183115,4.52220265,1.3631954740185064
M06_C009,M06,anisole,O_N_aromatic,16,-9417.535883815974,4.36799343,1.703169531952005
M06_C010,M06,anisole,O_N_aromatic,16,-9416.92871368316,5.15885767,1.6975486679861334
M06_C011,M06,anisole,O_N_aromatic,16,-9417.672874619577,3.38341157,1.2190406675820376
M06_C012,M06,anisole,O_N_aromatic,16,-9417.34186871178,4.12343096,1.4080820784859005
M06_C013,M06,anisole,O_N_aromatic,16,-9417.922003984837,3.62311665,1.118966910321825
M06_C014,M06,anisole,O_N_aromatic,16,-9416.974638843143,4.16648305,1.7356648350157295
M06_C015,M06,anisole,O_N_aromatic,16,-9417.899539179754,3.55385593,1.1405886077914063
M06_C016,M06,anisole,O_N_aromatic,16,-9417.57323097606,2.80108212,1.1879919287012886
M06_C017,M06,anisole,O_N_aromatic,16,-9417.714659704867,3.61049045,1.1484276154178925
M06_C018,M06,anisole,O_N_aromatic,16,-9417.748122967861,4.6074422,1.4829741951714825
M06_C019,M06,anisole,O_N_aromatic,16,-9417.483314292096,4.77568289,1.5658448422764983
M06_C020,M06,anisole,O_N_aromatic,16,-9417.4113850866,4.29455091,1.3304467980711012
M06_C021,M06,anisole,O_N_aromatic,16,-9417.726367205152,2.84501966,1.2383634409864137
M06_C022,M06,anisole,O_N_aromatic,16,-9417.554745400803,5.6056786,1.448103981701486
M06_C023,M06,anisole,O_N_aromatic,16,-9417.395140429066,5.30065236,1.6156116469586255
M06_C024,M06,anisole,O_N_aromatic,16,-9417.647899994094,4.45543925,1.4179330715871439
M07_C001,M07,pyridine,O_N_aromatic,11,-6743.471126834403,1.10739839,0.4069414127718323
M07_C002,M07,pyridine,O_N_aromatic,11,-6742.548090280422,4.13410738,1.466109888912754
M07_C003,M07,pyridine,O_N_aromatic,11,-6742.760900511559,3.36389588,1.4175221674853804
M07_C004,M07,pyridine,O_N_aromatic,11,-6742.427763755943,4.96715604,1.5862889456858846
M07_C005,M07,pyridine,O_N_aromatic,11,-6741.157021633351,8.05283159,3.179708920613182
M07_C006,M07,pyridine,O_N_aromatic,11,-6742.735567153265,5.23228367,1.4566350029014203
M07_C007,M07,pyridine,O_N_aromatic,11,-6742.02615726559,7.59533595,2.503390486230294
M07_C008,M07,pyridine,O_N_aromatic,11,-6742.280798352462,6.16806246,1.8778360428874417
M07_C009,M07,pyridine,O_N_aromatic,11,-6742.078590466682,5.62512588,2.176759224337321
M07_C010,M07,pyridine,O_N_aromatic,11,-6741.810263442573,8.75715164,2.4918992776957785
M07_C011,M07,pyridine,O_N_aromatic,11,-6742.365431633255,6.89664581,1.9420381523214576
M07_C012,M07,pyridine,O_N_aromatic,11,-6742.501707829916,5.07982848,1.66244379840687
M07_C013,M07,pyridine,O_N_aromatic,11,-6742.464179579937,5.82263713,1.809623554343632
M07_C014,M07,pyridine,O_N_aromatic,11,-6742.15128271637,3.66023497,1.683103667352986
M07_C015,M07,pyridine,O_N_aromatic,11,-6740.8652377662165,13.42931159,4.329349527790868
M07_C016,M07,pyridine,O_N_aromatic,11,-6742.3713472600375,5.46866293,1.7627357779772825
M07_C017,M07,pyridine,O_N_aromatic,11,-6742.225996882083,5.07697947,1.7552014673056897
M07_C018,M07,pyridine,O_N_aromatic,11,-6742.452419041596,3.57409729,1.2916190192899062
M08_C001,M08,aniline,O_N_aromatic,14,-7811.608785461578,1.07422471,0.302574282147561
M08_C002,M08,aniline,O_N_aromatic,14,-7810.697478912454,5.90726185,1.5274380366514317
M08_C003,M08,aniline,O_N_aromatic,14,-7810.613187250655,3.2999029,1.3545050236092857
M08_C004,M08,aniline,O_N_aromatic,14,-7810.469400565752,6.1475547,1.7329853076087334
M08_C005,M08,aniline,O_N_aromatic,14,-7810.115410351408,5.19855311,1.9114013910082512
M08_C006,M08,aniline,O_N_aromatic,14,-7810.5234422118265,5.36353005,1.7088932280105291
M08_C007,M08,aniline,O_N_aromatic,14,-7810.729478603956,2.99490198,1.3610225300373935
M08_C008,M08,aniline,O_N_aromatic,14,-7810.064839725226,4.61932488,1.8804610301465212
M08_C009,M08,aniline,O_N_aromatic,14,-7810.2944535806455,5.32097643,1.8742311925420054
M08_C010,M08,aniline,O_N_aromatic,14,-7810.596849856684,5.53462186,1.6258877429363607
M08_C011,M08,aniline,O_N_aromatic,14,-7810.620576949538,6.15286185,1.6015389492196024
M08_C012,M08,aniline,O_N_aromatic,14,-7810.243076665804,6.21877823,1.9604389574349135
M08_C013,M08,aniline,O_N_aromatic,14,-7810.042209499946,6.33912745,1.9606383898637512
M08_C014,M08,aniline,O_N_aromatic,14,-7810.897377643709,2.75844993,1.0046759853027731
M08_C015,M08,aniline,O_N_aromatic,14,-7810.5665443144735,5.34425988,1.6756291305992108
M08_C016,M08,aniline,O_N_aromatic,14,-7810.682210832942,3.69414646,1.2476537499095937
M08_C017,M08,aniline,O_N_aromatic,14,-7810.058645211529,6.83344192,2.004781923398834
M08_C018,M08,aniline,O_N_aromatic,14,-7810.774716394326,3.39162972,1.3207877477368346
M08_C019,M08,aniline,O_N_aromatic,14,-7810.266635848505,8.54131875,2.142776410436563
M08_C020,M08,aniline,O_N_aromatic,14,-7810.683885604561,3.74051809,1.2937889840532086
M09_C001,M09,1_2_3_thiadiazole,S_heteroaromatic,7,-15903.56267228523,2.67118737,0.877914942988609
M09_C002,M09,1_2_3_thiadiazole,S_heteroaromatic,7,-15902.046019685335,9.83896204,3.5431894972334916
M09_C003,M09,1_2_3_thiadiazole,S_heteroaromatic,7,-15902.562967680213,7.64772041,2.5111209913846833
M09_C004,M09,1_2_3_thiadiazole,S_heteroaromatic,7,-15902.499080741778,5.21616774,2.2174289788474857
M09_C005,M09,1_2_3_thiadiazole,S_heteroaromatic,7,-15902.937288996003,4.23300543,1.6086387915713807
M09_C006,M09,1_2_3_thiadiazole,S_heteroaromatic,7,-15902.03957192115,7.26140086,2.398682488364457
M09_C007,M09,1_2_3_thiadiazole,S_heteroaromatic,7,-15902.469854075345,6.6411003,2.1648624009749815
M09_C008,M09,1_2_3_thiadiazole,S_heteroaromatic,7,-15902.885016587716,4.14326616,1.7931015837249442
M09_C009,M09,1_2_3_thiadiazole,S_heteroaromatic,7,-15902.542407852947,4.70209842,2.156571832943023
M09_C010,M09,1_2_3_thiadiazole,S_heteroaromatic,7,-15902.181765266614,10.64292735,3.353340245384101
M09_C011,M09,1_2_3_thiadiazole,S_heteroaromatic,7,-15902.000400508017,10.85113811,3.42004171682745
M09_C012,M09,1_2_3_thiadiazole,S_heteroaromatic,7,-15902.085049964959,7.06494229,2.5632372844133893
M09_C013,M09,1_2_3_thiadiazole,S_heteroaromatic,7,-15902.542525318295,4.99035109,2.0584276191557342
M09_C014,M09,1_2_3_thiadiazole,S_heteroaromatic,7,-15902.553790031234,6.86733535,2.3437444183174607
M09_C015,M09,1_2_3_thiadiazole,S_heteroaromatic,7,-15902.317815200468,5.07656045,2.5960635509092005
M09_C016,M09,1_2_3_thiadiazole,S_heteroaromatic,7,-15902.637482890035,4.95691855,2.1627385878374814
M09_C017,M09,1_2_3_thiadiazole,S_heteroaromatic,7,-15901.947328214665,6.46538423,2.5542379194832474
M09_C018,M09,1_2_3_thiadiazole,S_heteroaromatic,7,-15902.827296753627,5.46058237,1.7401653318369905
M09_C019,M09,1_2_3_thiadiazole,S_heteroaromatic,7,-15902.50716962323,4.58966183,2.163296886198516
M09_C020,M09,1_2_3_thiadiazole,S_heteroaromatic,7,-15902.514246205246,5.62870336,2.194419758721993
M09_C021,M09,1_2_3_thiadiazole,S_heteroaromatic,7,-15902.766995744478,3.35099375,1.6033438435442495
M09_C022,M09,1_2_3_thiadiazole,S_heteroaromatic,7,-15902.670835658446,6.66944076,2.173186526333443
M09_C023,M09,1_2_3_thiadiazole,S_heteroaromatic,7,-15902.590550221676,5.71199972,2.5202050736178894
M09_C024,M09,1_2_3_thiadiazole,S_heteroaromatic,7,-15902.34981820539,7.3866994,2.653273492196071
M10_C001,M10,BDT,S_heteroaromatic,18,-32105.01692709718,1.30856664,0.5501757430967343
M10_C002,M10,BDT,S_heteroaromatic,18,-32104.21136704229,3.62867587,1.2723534473652005
M10_C003,M10,BDT,S_heteroaromatic,18,-32103.92097800956,3.61926786,1.4002081663207115
M10_C004,M10,BDT,S_heteroaromatic,18,-32103.62580059518,4.22549593,1.6410447474028735
M10_C005,M10,BDT,S_heteroaromatic,18,-32104.071691316552,5.36561966,1.6117881070024327
M10_C006,M10,BDT,S_heteroaromatic,18,-32104.06494090307,5.51818364,1.548091101290862
M10_C007,M10,BDT,S_heteroaromatic,18,-32104.040128825567,3.75722221,1.2938190421782254
M10_C008,M10,BDT,S_heteroaromatic,18,-32103.374170499905,4.7734408,1.6302001621523967
M10_C009,M10,BDT,S_heteroaromatic,18,-32103.536784783264,5.32832742,1.8743427915852513
M10_C010,M10,BDT,S_heteroaromatic,18,-32104.07686897809,5.35568685,1.5499467359137595
M10_C011,M10,BDT,S_heteroaromatic,18,-32103.528872384115,5.92989769,1.683064168886323
M10_C012,M10,BDT,S_heteroaromatic,18,-32104.016132533645,4.50377928,1.4470082147546584
M10_C013,M10,BDT,S_heteroaromatic,18,-32103.364967539248,5.97787634,1.747141229782439
M10_C014,M10,BDT,S_heteroaromatic,18,-32103.72458235124,4.40772453,1.591288689740005
M10_C015,M10,BDT,S_heteroaromatic,18,-32104.029871317707,4.27623412,1.4570432947017398
M10_C016,M10,BDT,S_heteroaromatic,18,-32103.50340896113,5.196364,1.6362583756753522
M10_C017,M10,BDT,S_heteroaromatic,18,-32103.55567001718,5.10859262,1.8473478508450618
M10_C018,M10,BDT,S_heteroaromatic,18,-32104.017599558407,3.51109803,1.286140899032212
M10_C019,M10,BDT,S_heteroaromatic,18,-32103.81472121015,4.68164539,1.5416089487420044
M10_C020,M10,BDT,S_heteroaromatic,18,-32103.49082497888,4.22290442,1.494217729135376
M10_C021,M10,BDT,S_heteroaromatic,18,-32101.907669863293,8.49681762,3.0300083546739223
M10_C022,M10,BDT,S_heteroaromatic,18,-32103.268412554964,7.18393763,1.9622392898834295
M10_C023,M10,BDT,S_heteroaromatic,18,-32102.472810900366,7.15282705,2.713596037890526
M10_C024,M10,BDT,S_heteroaromatic,18,-32103.929665148506,6.21281058,1.5489572089114292
M11_C001,M11,benzobithiophene,S_heteroaromatic,28,-38381.17603552187,1.37000617,0.46165531135889226
M11_C002,M11,benzobithiophene,S_heteroaromatic,28,-38381.11021563985,1.42155519,0.46410814347353696
M11_C003,M11,benzobithiophene,S_heteroaromatic,28,-38379.77667125593,3.39352017,1.1003733822055917
M11_C004,M11,benzobithiophene,S_heteroaromatic,28,-38379.7348823919,7.09118936,1.6035800856364504
M11_C005,M11,benzobithiophene,S_heteroaromatic,28,-38379.99489110861,3.10346042,1.0939904780672618
M11_C006,M11,benzobithiophene,S_heteroaromatic,28,-38379.708909136956,3.66318287,1.2970304604892722
M11_C007,M11,benzobithiophene,S_heteroaromatic,28,-38380.023349661846,4.6549286,1.352218296628357
M11_C008,M11,benzobithiophene,S_heteroaromatic,28,-38379.41171970904,4.34188075,1.3435794581526304
M11_C009,M11,benzobithiophene,S_heteroaromatic,28,-38378.73042302519,7.02555396,1.9010850582975778
M11_C010,M11,benzobithiophene,S_heteroaromatic,28,-38378.83355985441,5.87804361,1.640735858965505
M11_C011,M11,benzobithiophene,S_heteroaromatic,28,-38379.225875272816,8.10014565,1.6810015714365016
M11_C012,M11,benzobithiophene,S_heteroaromatic,28,-38379.83629801158,4.1548981,1.220414034980747
M11_C013,M11,benzobithiophene,S_heteroaromatic,28,-38379.38498594636,6.00285157,1.5632949042855726
M11_C014,M11,benzobithiophene,S_heteroaromatic,28,-38379.50500287454,4.8233389,1.4051893872173786
M11_C015,M11,benzobithiophene,S_heteroaromatic,28,-38379.46046564888,5.85630192,1.5294790613000484
M11_C016,M11,benzobithiophene,S_heteroaromatic,28,-38378.537633201246,5.87090888,1.6950682683568778
M11_C017,M11,benzobithiophene,S_heteroaromatic,28,-38379.920089559695,4.13196382,1.248287950422367
M11_C018,M11,benzobithiophene,S_heteroaromatic,28,-38379.4960379621,4.46969013,1.3573968518822472
M11_C019,M11,benzobithiophene,S_heteroaromatic,28,-38379.6689000854,5.32543884,1.3791607789442295
M11_C020,M11,benzobithiophene,S_heteroaromatic,28,-38380.023606473806,3.7966109,1.1715220889583573
M11_C021,M11,benzobithiophene,S_heteroaromatic,28,-38380.10710577274,4.66362874,1.1056141499857295
M11_C022,M11,benzobithiophene,S_heteroaromatic,28,-38379.464230789104,6.03170378,1.4208236288495073
M11_C023,M11,benzobithiophene,S_heteroaromatic,28,-38379.60174060087,4.22444939,1.3613469062782593
M11_C024,M11,benzobithiophene,S_heteroaromatic,28,-38380.178225889416,3.25107601,1.1164860013151219
M12_C001,M12,terthiophene,S_heteroaromatic,23,-45035.16910938429,2.35993555,0.5690534208819049
M12_C002,M12,terthiophene,S_heteroaromatic,23,-45035.1291754665,3.39409963,0.5755749984090605
M12_C003,M12,terthiophene,S_heteroaromatic,23,-45035.13001189898,2.49332503,0.5638879620581124
M12_C004,M12,terthiophene,S_heteroaromatic,23,-45034.05013075532,4.70867723,1.1842029778042382
M12_C005,M12,terthiophene,S_heteroaromatic,23,-45033.96121606209,3.92832857,1.5325196280952083
M12_C006,M12,terthiophene,S_heteroaromatic,23,-45034.33793469717,4.20576431,1.08037862231703
M12_C007,M12,terthiophene,S_heteroaromatic,23,-45033.7917511768,6.73250649,1.5199250123024877
M12_C008,M12,terthiophene,S_heteroaromatic,23,-45034.43759192387,3.69958543,1.1179217032292659
M12_C009,M12,terthiophene,S_heteroaromatic,23,-45034.01447633992,4.67532567,1.3859910646858695
M12_C010,M12,terthiophene,S_heteroaromatic,23,-45034.505636078626,4.65155217,1.1669482088097098
M12_C011,M12,terthiophene,S_heteroaromatic,23,-45034.69933243214,2.77007187,0.9578990849149183
M12_C012,M12,terthiophene,S_heteroaromatic,23,-45034.57150532692,2.04702362,0.8655157740127035
M12_C013,M12,terthiophene,S_heteroaromatic,23,-45034.60906082212,2.69044817,0.7888672332337988
M12_C014,M12,terthiophene,S_heteroaromatic,23,-45034.21060532775,3.22378977,1.09343634088338
M12_C015,M12,terthiophene,S_heteroaromatic,23,-45034.35103988671,3.66499722,1.0658993330149449
M12_C016,M12,terthiophene,S_heteroaromatic,23,-45033.92636889777,4.06859042,1.3547583568389714
M12_C017,M12,terthiophene,S_heteroaromatic,23,-45034.169612185295,4.98425013,1.1296634013271851
M12_C018,M12,terthiophene,S_heteroaromatic,23,-45033.96302595415,4.95075921,1.3489030470356298
M12_C019,M12,terthiophene,S_heteroaromatic,23,-45034.176834401595,2.91365163,1.0753992476206697
M12_C020,M12,terthiophene,S_heteroaromatic,23,-45034.24713698067,4.86484836,1.1292114492423317
M12_C021,M12,terthiophene,S_heteroaromatic,23,-45033.863701369366,4.62373953,1.2974869634926907
M12_C022,M12,terthiophene,S_heteroaromatic,23,-45033.75919059817,4.20927427,1.3947411241078294
M12_C023,M12,terthiophene,S_heteroaromatic,23,-45034.02761153633,3.04633555,1.2181129195699179
M12_C024,M12,terthiophene,S_heteroaromatic,23,-45033.700311295615,5.96190146,1.6844572697519753
M13_C001,M13,4_nitroaniline,donor_acceptor,16,-13366.815204292023,1.84752841,0.5813026935405542
M13_C002,M13,4_nitroaniline,donor_acceptor,16,-13365.414470512504,5.03334016,1.8147140651453957
M13_C003,M13,4_nitroaniline,donor_acceptor,16,-13365.660741273825,4.00332912,1.6297671907443447
M13_C004,M13,4_nitroaniline,donor_acceptor,16,-13366.038218109326,3.856559,1.4192000162485567
M13_C005,M13,4_nitroaniline,donor_acceptor,16,-13366.354076888843,2.67775192,0.9885877904541808
M13_C006,M13,4_nitroaniline,donor_acceptor,16,-13365.487670046703,7.67157815,1.9539312854940212
M13_C007,M13,4_nitroaniline,donor_acceptor,16,-13365.68669090797,4.02613379,1.6190502146802455
M13_C008,M13,4_nitroaniline,donor_acceptor,16,-13365.98408608845,3.50291763,1.3817499498514396
M13_C009,M13,4_nitroaniline,donor_acceptor,16,-13365.94803805137,3.96858345,1.4369487808256767
M13_C010,M13,4_nitroaniline,donor_acceptor,16,-13365.92526514793,3.82044316,1.4268587219700906
M13_C011,M13,4_nitroaniline,donor_acceptor,16,-13366.166488932995,4.01772497,1.3295395851857954
M13_C012,M13,4_nitroaniline,donor_acceptor,16,-13365.831530502257,4.63651056,1.5309381915647757
M13_C013,M13,4_nitroaniline,donor_acceptor,16,-13365.846275699356,4.31549129,1.4583368858445138
M13_C014,M13,4_nitroaniline,donor_acceptor,16,-13365.702193836652,3.64150191,1.5545798338608334
M13_C015,M13,4_nitroaniline,donor_acceptor,16,-13365.930600726466,4.07956846,1.495263542126761
M13_C016,M13,4_nitroaniline,donor_acceptor,16,-13365.806999594395,3.85279224,1.3918438841782987
M13_C017,M13,4_nitroaniline,donor_acceptor,16,-13365.145346542573,8.30861468,2.4881568946183945
M13_C018,M13,4_nitroaniline,donor_acceptor,16,-13365.21877669005,8.47220266,2.083752415014501
M13_C019,M13,4_nitroaniline,donor_acceptor,16,-13364.534884118068,7.50828488,2.782503192870925
M13_C020,M13,4_nitroaniline,donor_acceptor,16,-13366.055400661033,3.89425512,1.2784401749535161
M13_C021,M13,4_nitroaniline,donor_acceptor,16,-13365.830271306577,3.41254527,1.4353434515818702
M13_C022,M13,4_nitroaniline,donor_acceptor,16,-13365.304034989404,6.37473198,2.0035774230786267
M13_C023,M13,4_nitroaniline,donor_acceptor,16,-13365.689868077667,4.69124908,1.7993678584492538
M13_C024,M13,4_nitroaniline,donor_acceptor,16,-13366.103685611888,3.56311506,1.390848056558548
M14_C001,M14,4_dimethylaminobenzonitrile,donor_acceptor,21,-12452.107407115462,1.21374916,0.35317335587475895
M14_C002,M14,4_dimethylaminobenzonitrile,donor_acceptor,21,-12450.65799084887,8.32725136,1.9457740086958832
M14_C003,M14,4_dimethylaminobenzonitrile,donor_acceptor,21,-12450.804028264838,4.85934047,1.5397502074177876
M14_C004,M14,4_dimethylaminobenzonitrile,donor_acceptor,21,-12451.080634175922,3.06067739,1.0873102878385705
M14_C005,M14,4_dimethylaminobenzonitrile,donor_acceptor,21,-12451.343409892519,3.05099528,1.1000427545299005
M14_C006,M14,4_dimethylaminobenzonitrile,donor_acceptor,21,-12451.596566910002,3.38620482,0.8705476737799119
M14_C007,M14,4_dimethylaminobenzonitrile,donor_acceptor,21,-12450.309878733304,5.36796603,1.7961631924565489
M14_C008,M14,4_dimethylaminobenzonitrile,donor_acceptor,21,-12451.13129941405,2.74829128,1.0499526397949508
M14_C009,M14,4_dimethylaminobenzonitrile,donor_acceptor,21,-12451.37821836781,2.77256268,0.9640296876241787
M14_C010,M14,4_dimethylaminobenzonitrile,donor_acceptor,21,-12450.580306474027,4.07364514,1.6698452858363495
M14_C011,M14,4_dimethylaminobenzonitrile,donor_acceptor,21,-12451.02655244039,4.13841559,1.2592359851853727
M14_C012,M14,4_dimethylaminobenzonitrile,donor_acceptor,21,-12451.592998699556,1.97002148,0.8821041146119339
M14_C013,M14,4_dimethylaminobenzonitrile,donor_acceptor,21,-12450.885502175903,3.75755073,1.3472929390917356
M14_C014,M14,4_dimethylaminobenzonitrile,donor_acceptor,21,-12450.97437266007,3.58794042,1.1694636709744768
M14_C015,M14,4_dimethylaminobenzonitrile,donor_acceptor,21,-12451.101905308124,4.42435923,1.253000925068156
M14_C016,M14,4_dimethylaminobenzonitrile,donor_acceptor,21,-12451.102779153016,2.50386586,0.9730636410380786
M14_C017,M14,4_dimethylaminobenzonitrile,donor_acceptor,21,-12451.307539683212,2.55068437,0.9267176837706634
M14_C018,M14,4_dimethylaminobenzonitrile,donor_acceptor,21,-12450.908411530258,3.18351278,1.1743287858723888
M14_C019,M14,4_dimethylaminobenzonitrile,donor_acceptor,21,-12451.50161606729,3.12220751,1.067817840825648
M14_C020,M14,4_dimethylaminobenzonitrile,donor_acceptor,21,-12451.241609103683,3.45120181,1.256903659162151
M14_C021,M14,4_dimethylaminobenzonitrile,donor_acceptor,21,-12450.983900354793,3.54175673,1.3010758674152019
M14_C022,M14,4_dimethylaminobenzonitrile,donor_acceptor,21,-12451.480425695627,2.42962083,0.9188247834736616
M14_C023,M14,4_dimethylaminobenzonitrile,donor_acceptor,21,-12450.257606981913,5.86851462,2.1286364373819353
M14_C024,M14,4_dimethylaminobenzonitrile,donor_acceptor,21,-12451.37156096125,2.81923508,1.0810888341061138
M15_C001,M15,4_nitrostyrene,donor_acceptor,18,-13965.17583822192,1.60170109,0.5156081565415949
M15_C002,M15,4_nitrostyrene,donor_acceptor,18,-13963.831494016235,4.45206458,1.595132714747031
M15_C003,M15,4_nitrostyrene,donor_acceptor,18,-13963.882920124219,4.67701726,1.4274611654074219
M15_C004,M15,4_nitrostyrene,donor_acceptor,18,-13964.422254361363,2.99979333,1.0974973407781854
M15_C005,M15,4_nitrostyrene,donor_acceptor,18,-13963.111314188383,6.55554216,2.403120941159667
M15_C006,M15,4_nitrostyrene,donor_acceptor,18,-13964.510264565824,3.03819589,1.0587219065390268
M15_C007,M15,4_nitrostyrene,donor_acceptor,18,-13964.129226398978,3.33217003,1.5734319601563955
M15_C008,M15,4_nitrostyrene,donor_acceptor,18,-13963.75993225173,5.02568594,1.782855581602929
M15_C009,M15,4_nitrostyrene,donor_acceptor,18,-13964.216473429473,4.39580275,1.4894114538999221
M15_C010,M15,4_nitrostyrene,donor_acceptor,18,-13964.136633919916,3.70419365,1.3258961274192436
M15_C011,M15,4_nitrostyrene,donor_acceptor,18,-13963.61696587073,4.88624924,1.8514462346700813
M15_C012,M15,4_nitrostyrene,donor_acceptor,18,-13964.396959077068,3.49295521,1.3237951516358364
M15_C013,M15,4_nitrostyrene,donor_acceptor,18,-13964.644777882691,2.33502204,0.9921940299555301
M15_C014,M15,4_nitrostyrene,donor_acceptor,18,-13964.429636709468,3.12574845,1.2164041604890121
M15_C015,M15,4_nitrostyrene,donor_acceptor,18,-13963.658153969127,3.98434456,1.7754958526635842
M15_C016,M15,4_nitrostyrene,donor_acceptor,18,-13964.164818302466,3.33705684,1.1940861893140726
M15_C017,M15,4_nitrostyrene,donor_acceptor,18,-13964.21219591624,3.28319806,1.3606070336312226
M15_C018,M15,4_nitrostyrene,donor_acceptor,18,-13963.980907670852,6.11184165,1.7649696534807944
M15_C019,M15,4_nitrostyrene,donor_acceptor,18,-13963.800861127493,4.16559576,1.5784642449672088
M15_C020,M15,4_nitrostyrene,donor_acceptor,18,-13963.666727501417,5.63260222,1.6299982959898034
M15_C021,M15,4_nitrostyrene,donor_acceptor,18,-13964.163734628872,7.35043645,1.7241396674816234
M15_C022,M15,4_nitrostyrene,donor_acceptor,18,-13964.003298685784,3.75239016,1.4213837586292795
M15_C023,M15,4_nitrostyrene,donor_acceptor,18,-13964.044953754066,3.24719919,1.406518758783394
M15_C024,M15,4_nitrostyrene,donor_acceptor,18,-13964.14237468846,4.07700016,1.4682566787330527
M16_C001,M16,2_4_nitrophenyl_thiophene,donor_acceptor,21,-26864.11668233035,1.7238872,0.4871976783511211
M16_C002,M16,2_4_nitrophenyl_thiophene,donor_acceptor,21,-26862.75516260159,4.08687609,1.51028884462582
M16_C003,M16,2_4_nitrophenyl_thiophene,donor_acceptor,21,-26862.09297080792,4.36640628,1.5532115729153502
M16_C004,M16,2_4_nitrophenyl_thiophene,donor_acceptor,21,-26863.18721889836,3.8003357,1.2217777162174492
M16_C005,M16,2_4_nitrophenyl_thiophene,donor_acceptor,21,-26863.337830349108,3.67596416,1.3382815751536805
M16_C006,M16,2_4_nitrophenyl_thiophene,donor_acceptor,21,-26862.870507661453,6.58896988,1.6814899816580613
M16_C007,M16,2_4_nitrophenyl_thiophene,donor_acceptor,21,-26863.46334351349,2.61772023,1.0186909376149795
M16_C008,M16,2_4_nitrophenyl_thiophene,donor_acceptor,21,-26862.99056980929,2.92757208,1.2388315340628142
M16_C009,M16,2_4_nitrophenyl_thiophene,donor_acceptor,21,-26862.881906252776,5.23165483,1.6883380278529112
M16_C010,M16,2_4_nitrophenyl_thiophene,donor_acceptor,21,-26863.291246691482,4.01289898,1.1461987502445592
M16_C011,M16,2_4_nitrophenyl_thiophene,donor_acceptor,21,-26863.061900897537,4.7399964,1.2481290478048035
M16_C012,M16,2_4_nitrophenyl_thiophene,donor_acceptor,21,-26862.898504644025,5.35428657,1.716898772896605
M16_C013,M16,2_4_nitrophenyl_thiophene,donor_acceptor,21,-26862.665055277535,5.50123403,1.5830390440270439
M16_C014,M16,2_4_nitrophenyl_thiophene,donor_acceptor,21,-26862.88581921401,4.51246832,1.444034895768419
M16_C015,M16,2_4_nitrophenyl_thiophene,donor_acceptor,21,-26862.883323056492,3.56337561,1.343095405302803
M16_C016,M16,2_4_nitrophenyl_thiophene,donor_acceptor,21,-26862.539615020778,5.02731517,1.574520943741228
M16_C017,M16,2_4_nitrophenyl_thiophene,donor_acceptor,21,-26863.32325975208,4.52918139,1.2024007174697473
M16_C018,M16,2_4_nitrophenyl_thiophene,donor_acceptor,21,-26862.823748096453,3.39973873,1.3323108782002175
M16_C019,M16,2_4_nitrophenyl_thiophene,donor_acceptor,21,-26862.563029377572,4.26440929,1.6298797111376713
M16_C020,M16,2_4_nitrophenyl_thiophene,donor_acceptor,21,-26862.837058081845,3.64150101,1.3656500307802044
M16_C021,M16,2_4_nitrophenyl_thiophene,donor_acceptor,21,-26862.829805210018,5.54663028,1.6732495637736404
M16_C022,M16,2_4_nitrophenyl_thiophene,donor_acceptor,21,-26862.951468481242,2.87741247,1.1138000749060517
M16_C023,M16,2_4_nitrophenyl_thiophene,donor_acceptor,21,-26862.926176416837,3.49287089,1.3923802954637043
M16_C024,M16,2_4_nitrophenyl_thiophene,donor_acceptor,21,-26863.319335278695,4.66109193,1.2734376492132702
M17_C001,M17,fluorobenzene,fluorinated,12,-9003.771937046016,0.46389398,0.15682818356311343
M17_C002,M17,fluorobenzene,fluorinated,12,-9003.004185865917,3.65865414,1.427145559723788
M17_C003,M17,fluorobenzene,fluorinated,12,-9002.749639487578,4.98379833,1.7479561336520573
M17_C004,M17,fluorobenzene,fluorinated,12,-9002.851426369385,3.65706252,1.451718198480957
M17_C005,M17,fluorobenzene,fluorinated,12,-9002.217893168752,4.9662866,1.9418767414842675
M17_C006,M17,fluorobenzene,fluorinated,12,-9002.417354977531,5.36328539,1.926047107798741
M17_C007,M17,fluorobenzene,fluorinated,12,-9002.11684970678,8.6710446,2.359169661117035
M17_C008,M17,fluorobenzene,fluorinated,12,-9002.90388002281,4.85115022,1.2258944819222213
M17_C009,M17,fluorobenzene,fluorinated,12,-9002.794812443914,5.30445598,1.506869184608285
M17_C010,M17,fluorobenzene,fluorinated,12,-9001.91104246939,9.22964696,2.789227310734062
M17_C011,M17,fluorobenzene,fluorinated,12,-9002.898036056231,5.08405842,1.4678958916365188
M17_C012,M17,fluorobenzene,fluorinated,12,-9002.960556195541,4.73743797,1.471569044450348
M17_C013,M17,fluorobenzene,fluorinated,12,-9002.29896304672,8.63377564,2.3677056552028923
M17_C014,M17,fluorobenzene,fluorinated,12,-9002.74096561822,6.11003954,1.8145100661756663
M17_C015,M17,fluorobenzene,fluorinated,12,-9002.728036735665,4.6849714,1.6035861307616324
M17_C016,M17,fluorobenzene,fluorinated,12,-9002.644042215246,5.53141712,1.5347902531477646
M17_C017,M17,fluorobenzene,fluorinated,12,-9002.187078032286,6.55791537,2.387502857671661
M17_C018,M17,fluorobenzene,fluorinated,12,-9002.521922902382,5.38503408,2.106130203077865
M17_C019,M17,fluorobenzene,fluorinated,12,-9002.900492802539,4.60787037,1.5699489409101395
M17_C020,M17,fluorobenzene,fluorinated,12,-9003.165626968583,3.11369784,1.0226796071017072
M17_C021,M17,fluorobenzene,fluorinated,12,-9002.723011533682,4.41918956,1.5882451061334737
M17_C022,M17,fluorobenzene,fluorinated,12,-9003.008391177584,4.21760417,1.395169393749119
M17_C023,M17,fluorobenzene,fluorinated,12,-9002.200655861796,7.52062487,2.5067357321656645
M17_C024,M17,fluorobenzene,fluorinated,12,-9002.81765930886,4.79347269,1.8218549401801278
M18_C001,M18,1_4_difluorobenzene,fluorinated,12,-11699.585305832945,0.33425312,0.14761254273205243
M18_C002,M18,1_4_difluorobenzene,fluorinated,12,-11698.442669609556,6.72485124,2.1812310919473163
M18_C003,M18,1_4_difluorobenzene,fluorinated,12,-11698.40715793326,5.5913417,1.8021500360014875
M18_C004,M18,1_4_difluorobenzene,fluorinated,12,-11698.725165481415,3.92791013,1.486484369210425
M18_C005,M18,1_4_difluorobenzene,fluorinated,12,-11698.43141885952,5.21676077,1.8253870656131101
M18_C006,M18,1_4_difluorobenzene,fluorinated,12,-11697.449823045603,9.85192191,3.1942611807888244
M18_C007,M18,1_4_difluorobenzene,fluorinated,12,-11698.697971316926,4.82016904,1.5393437054963073
M18_C008,M18,1_4_difluorobenzene,fluorinated,12,-11698.517550708557,3.82007361,1.5362381876409048
M18_C009,M18,1_4_difluorobenzene,fluorinated,12,-11698.444887426529,4.06672966,1.4937384076075853
M18_C010,M18,1_4_difluorobenzene,fluorinated,12,-11698.53521951455,4.602216,1.7241042654499341
M18_C011,M18,1_4_difluorobenzene,fluorinated,12,-11698.70678200039,5.1356293,1.6833001302521966
M18_C012,M18,1_4_difluorobenzene,fluorinated,12,-11698.554815013436,4.59861949,1.6184065859161358
M18_C013,M18,1_4_difluorobenzene,fluorinated,12,-11698.861345490815,3.04428212,1.2902894148826876
M18_C014,M18,1_4_difluorobenzene,fluorinated,12,-11698.885161035694,3.47259831,1.4676937306561135
M18_C015,M18,1_4_difluorobenzene,fluorinated,12,-11698.592012547355,3.02651356,1.3024915628870684
M18_C016,M18,1_4_difluorobenzene,fluorinated,12,-11698.528658197654,4.11268407,1.4444596679005917
M18_C017,M18,1_4_difluorobenzene,fluorinated,12,-11698.173649546166,10.10726811,2.4381418266358694
M18_C018,M18,1_4_difluorobenzene,fluorinated,12,-11698.63803670437,3.31305713,1.4719254021085064
M18_C019,M18,1_4_difluorobenzene,fluorinated,12,-11698.761984066998,4.72227818,1.6294478269294814
M18_C020,M18,1_4_difluorobenzene,fluorinated,12,-11698.680149861544,3.84288758,1.3541486930121929
M18_C021,M18,1_4_difluorobenzene,fluorinated,12,-11698.340584172767,5.55258034,1.8968653194599634
M18_C022,M18,1_4_difluorobenzene,fluorinated,12,-11698.465735559068,4.21255889,1.6022967580040852
M18_C023,M18,1_4_difluorobenzene,fluorinated,12,-11698.793155589923,2.30406018,1.0165524657894902
M18_C024,M18,1_4_difluorobenzene,fluorinated,12,-11698.437225277361,4.79090017,1.516472592734384
M19_C001,M19,2_fluorothiophene,fluorinated,9,-17728.555976054362,1.53001157,0.5333114195689451
M19_C002,M19,2_fluorothiophene,fluorinated,9,-17727.581229476647,3.93923993,1.609839241821568
M19_C003,M19,2_fluorothiophene,fluorinated,9,-17727.82976817978,4.7427725,1.7212120169495493
M19_C004,M19,2_fluorothiophene,fluorinated,9,-17727.44401786099,6.79254343,2.4699826209052005
M19_C005,M19,2_fluorothiophene,fluorinated,9,-17728.02975822977,4.30957136,1.437602480842584
M19_C006,M19,2_fluorothiophene,fluorinated,9,-17727.98763922996,2.44793791,0.9709364320671682
M19_C007,M19,2_fluorothiophene,fluorinated,9,-17727.81260637416,3.79312814,1.4112832741039105
M19_C008,M19,2_fluorothiophene,fluorinated,9,-17727.914114392705,4.50546305,1.6325661090982966
M19_C009,M19,2_fluorothiophene,fluorinated,9,-17727.851717445985,6.23335167,1.8305613843806194
M19_C010,M19,2_fluorothiophene,fluorinated,9,-17727.405147171638,4.32698148,1.765805953347974
M19_C011,M19,2_fluorothiophene,fluorinated,9,-17727.73046484929,3.54633261,1.7998696501534006
M19_C012,M19,2_fluorothiophene,fluorinated,9,-17727.57597745076,5.20218679,2.081141294078834
M19_C013,M19,2_fluorothiophene,fluorinated,9,-17727.937276757228,3.91329324,1.2845972555608602
M19_C014,M19,2_fluorothiophene,fluorinated,9,-17727.45694663475,5.65348817,1.9825656634871915
M19_C015,M19,2_fluorothiophene,fluorinated,9,-17727.874258014053,4.91241449,1.7141433947016824
M19_C016,M19,2_fluorothiophene,fluorinated,9,-17727.67614486283,7.41330997,2.352880718475302
M19_C017,M19,2_fluorothiophene,fluorinated,9,-17727.83261786829,5.39118046,1.9151422082687022
M19_C018,M19,2_fluorothiophene,fluorinated,9,-17727.905702125492,4.61047519,1.624846799822483
M19_C019,M19,2_fluorothiophene,fluorinated,9,-17727.41920417261,5.2837186,2.185796534609782
M19_C020,M19,2_fluorothiophene,fluorinated,9,-17727.68585018693,4.85746696,1.7376750538059014
M19_C021,M19,2_fluorothiophene,fluorinated,9,-17727.93168813311,5.00898476,1.5689707514243563
M19_C022,M19,2_fluorothiophene,fluorinated,9,-17727.582660116757,6.34652775,2.36881464784305
M19_C023,M19,2_fluorothiophene,fluorinated,9,-17726.40542598726,10.56295847,4.0089084231117
M19_C024,M19,2_fluorothiophene,fluorinated,9,-17727.165343048502,7.24720641,2.714663965752146
M20_C001,M20,2_3_5_6_tetrafluoropyridine,fluorinated,11,-17526.317734105174,2.39506657,0.8843291422681341
M20_C002,M20,2_3_5_6_tetrafluoropyridine,fluorinated,11,-17525.66725604502,5.47095959,1.7630073328849867
M20_C003,M20,2_3_5_6_tetrafluoropyridine,fluorinated,11,-17525.63253813486,3.18564086,1.4934623085486343
M20_C004,M20,2_3_5_6_tetrafluoropyridine,fluorinated,11,-17525.511059262433,5.29787746,1.736044390275278
M20_C005,M20,2_3_5_6_tetrafluoropyridine,fluorinated,11,-17525.666792550634,4.43712064,1.5949888161032422
M20_C006,M20,2_3_5_6_tetrafluoropyridine,fluorinated,11,-17525.050650078876,6.79033837,2.2612079887753707
M20_C007,M20,2_3_5_6_tetrafluoropyridine,fluorinated,11,-17525.641151833173,5.35969349,1.8660687671667657
M20_C008,M20,2_3_5_6_tetrafluoropyridine,fluorinated,11,-17525.63622921276,3.66076091,1.3449720609983755
M20_C009,M20,2_3_5_6_tetrafluoropyridine,fluorinated,11,-17525.66543770452,4.95220803,1.8612814977271854
M20_C010,M20,2_3_5_6_tetrafluoropyridine,fluorinated,11,-17525.41671363593,3.37795182,1.5902304067350197
M20_C011,M20,2_3_5_6_tetrafluoropyridine,fluorinated,11,-17525.56001244504,4.22331027,1.7430705376731244
M20_C012,M20,2_3_5_6_tetrafluoropyridine,fluorinated,11,-17525.1691025451,3.75982871,1.6575145197053731
M20_C013,M20,2_3_5_6_tetrafluoropyridine,fluorinated,11,-17525.763260306216,4.79992696,1.650371012409439
M20_C014,M20,2_3_5_6_tetrafluoropyridine,fluorinated,11,-17525.476157445733,6.01386547,1.7880179763233015
M20_C015,M20,2_3_5_6_tetrafluoropyridine,fluorinated,11,-17525.874732757606,3.37916306,1.2906367968215364
M20_C016,M20,2_3_5_6_tetrafluoropyridine,fluorinated,11,-17524.69548277701,5.70023037,2.3719590499595546
M20_C017,M20,2_3_5_6_tetrafluoropyridine,fluorinated,11,-17524.877347145237,4.93390724,1.932957879626474
M20_C018,M20,2_3_5_6_tetrafluoropyridine,fluorinated,11,-17525.773236753703,4.11288205,1.390609552017106
M20_C019,M20,2_3_5_6_tetrafluoropyridine,fluorinated,11,-17525.784750188428,2.94277565,1.2983155970461022
M20_C020,M20,2_3_5_6_tetrafluoropyridine,fluorinated,11,-17525.24382694682,6.49088642,2.2499155159286803
M20_C021,M20,2_3_5_6_tetrafluoropyridine,fluorinated,11,-17526.041983706193,1.6269374,0.7669364802826827
M20_C022,M20,2_3_5_6_tetrafluoropyridine,fluorinated,11,-17524.733421201454,6.63187308,2.4253194718210884
M20_C023,M20,2_3_5_6_tetrafluoropyridine,fluorinated,11,-17525.68011913386,4.85085134,1.551703194312895
M20_C024,M20,2_3_5_6_tetrafluoropyridine,fluorinated,11,-17525.921313380582,3.14458907,1.0890418643172377
M21_C001,M21,benzoquinone,redox_active,12,-10360.75698616727,0.84903872,0.2869952709866094
M21_C002,M21,benzoquinone,redox_active,12,-10359.723144921669,5.17929947,1.926090166206315
M21_C003,M21,benzoquinone,redox_active,12,-10359.884773743172,4.23516513,1.7118526423566645
M21_C004,M21,benzoquinone,redox_active,12,-10359.244842241655,6.40748902,2.3126418832759
M21_C005,M21,benzoquinone,redox_active,12,-10359.743147865169,5.62337354,1.9085141737435485
M21_C006,M21,benzoquinone,redox_active,12,-10359.571301610102,6.56610904,2.3208162669616534
M21_C007,M21,benzoquinone,redox_active,12,-10359.953725475278,4.75610051,1.826113492215653
M21_C008,M21,benzoquinone,redox_active,12,-10359.410967608439,5.12091123,1.8621832198704231
M21_C009,M21,benzoquinone,redox_active,12,-10359.389540212447,7.03102179,2.411419054247852
M21_C010,M21,benzoquinone,redox_active,12,-10359.83478882702,3.58406383,1.3934665059207392
M21_C011,M21,benzoquinone,redox_active,12,-10359.767145557751,5.53323735,1.6839018230909735
M21_C012,M21,benzoquinone,redox_active,12,-10359.404846576943,5.15339443,2.366740926751332
M21_C013,M21,benzoquinone,redox_active,12,-10359.33684994605,6.61798503,2.2735516958316557
M21_C014,M21,benzoquinone,redox_active,12,-10360.075754895735,4.57833034,1.3922459827371787
M21_C015,M21,benzoquinone,redox_active,12,-10359.848663528948,4.53767154,1.5936533175187342
M21_C016,M21,benzoquinone,redox_active,12,-10359.925752443829,4.15356225,1.6711608653744912
M21_C017,M21,benzoquinone,redox_active,12,-10359.770675144433,4.24874725,1.5028513378158166
M21_C018,M21,benzoquinone,redox_active,12,-10359.655078900674,4.95695972,1.8806110595286993
M21_C019,M21,benzoquinone,redox_active,12,-10359.779212994079,3.87150235,1.5829400694264817
M21_C020,M21,benzoquinone,redox_active,12,-10359.719338051435,5.94580978,1.8761600412058193
M21_C021,M21,benzoquinone,redox_active,12,-10359.989634771717,5.15570475,1.6507892017144858
M21_C022,M21,benzoquinone,redox_active,12,-10360.041724981234,2.91868458,1.3177266639850695
M21_C023,M21,benzoquinone,redox_active,12,-10359.672726018745,5.52506778,1.8086539148677465
M21_C024,M21,benzoquinone,redox_active,12,-10359.752434630826,4.20733798,1.739578999067363
M22_C001,M22,naphthoquinone,redox_active,18,-14534.680137130334,1.06235669,0.29866532191881096
M22_C002,M22,naphthoquinone,redox_active,18,-14533.356264391768,4.51766684,1.3928241584937036
M22_C003,M22,naphthoquinone,redox_active,18,-14532.841018566667,5.81574246,1.8850492041393072
M22_C004,M22,naphthoquinone,redox_active,18,-14532.83704455326,6.03219428,2.0483777872628064
M22_C005,M22,naphthoquinone,redox_active,18,-14533.131099018245,5.83552602,1.8354612039496008
M22_C006,M22,naphthoquinone,redox_active,18,-14533.646621496313,4.0410288,1.2850845602670031
M22_C007,M22,naphthoquinone,redox_active,18,-14533.135107408983,4.04864484,1.486945050277119
M22_C008,M22,naphthoquinone,redox_active,18,-14533.819580616357,4.0142867,1.2415118665365756
M22_C009,M22,naphthoquinone,redox_active,18,-14533.316920689338,4.4866469,1.4972047196776657
M22_C010,M22,naphthoquinone,redox_active,18,-14533.428562004417,4.39958644,1.4147218856819461
M22_C011,M22,naphthoquinone,redox_active,18,-14533.132962302918,6.12170642,1.8623882758544363
M22_C012,M22,naphthoquinone,redox_active,18,-14533.536851791165,5.71398788,1.6033698452448537
M22_C013,M22,naphthoquinone,redox_active,18,-14533.506021804707,3.60677391,1.3575264229202633
M22_C014,M22,naphthoquinone,redox_active,18,-14533.356841330615,5.00854795,1.6522362847467615
M22_C015,M22,naphthoquinone,redox_active,18,-14533.899428524679,4.04712251,1.17253436040966
M22_C016,M22,naphthoquinone,redox_active,18,-14532.676200032225,7.57433863,2.1704989498019
M22_C017,M22,naphthoquinone,redox_active,18,-14533.204075480318,5.11675121,1.6082132818608716
M22_C018,M22,naphthoquinone,redox_active,18,-14533.41206975487,4.32316534,1.477906430209988
M22_C019,M22,naphthoquinone,redox_active,18,-14533.220993381552,4.26517459,1.7243941411481645
M22_C020,M22,naphthoquinone,redox_active,18,-14533.82667489014,3.19543247,1.2200014454599242
M22_C021,M22,naphthoquinone,redox_active,18,-14533.60713070527,4.66334624,1.5325697617422933
M22_C022,M22,naphthoquinone,redox_active,18,-14532.91972387462,6.31859064,2.088716185545086
M22_C023,M22,naphthoquinone,redox_active,18,-14533.490266682775,4.41045148,1.671811665098664
M22_C024,M22,naphthoquinone,redox_active,18,-14533.493929685188,3.25618073,1.1955851050780566
M23_C001,M23,hydroquinone,redox_active,14,-10394.564542543034,0.99167976,0.340124922655526
M23_C002,M23,hydroquinone,redox_active,14,-10393.763007903508,2.80642481,1.311868671480318
M23_C003,M23,hydroquinone,redox_active,14,-10393.575461076807,5.96750251,1.642210342205041
M23_C004,M23,hydroquinone,redox_active,14,-10393.024332511477,6.56947554,2.2226849642526756
M23_C005,M23,hydroquinone,redox_active,14,-10393.532942151847,5.3747132,1.5544284735987024
M23_C006,M23,hydroquinone,redox_active,14,-10393.982561023717,2.13661619,1.049552875209344
M23_C007,M23,hydroquinone,redox_active,14,-10393.889076577256,2.96141916,1.0969235501104861
M23_C008,M23,hydroquinone,redox_active,14,-10393.618848442236,4.07134622,1.41023757701977
M23_C009,M23,hydroquinone,redox_active,14,-10393.849113474254,4.38910623,1.255639333030887
M23_C010,M23,hydroquinone,redox_active,14,-10393.69312916293,4.18431697,1.5155184784608258
M23_C011,M23,hydroquinone,redox_active,14,-10393.656014818114,3.06686354,1.405078382470531
M23_C012,M23,hydroquinone,redox_active,14,-10393.647095429471,3.0190645,1.3950677603367025
M23_C013,M23,hydroquinone,redox_active,14,-10393.855111820929,4.19238657,1.361289316128714
M23_C014,M23,hydroquinone,redox_active,14,-10393.50093436245,3.26053207,1.2389984076450624
M23_C015,M23,hydroquinone,redox_active,14,-10393.316744741282,5.78730977,1.8603286999333843
M23_C016,M23,hydroquinone,redox_active,14,-10393.559459706532,5.00451048,1.782359874556426
M23_C017,M23,hydroquinone,redox_active,14,-10393.480993837564,5.03327966,1.6641888682921055
M23_C018,M23,hydroquinone,redox_active,14,-10393.740219952126,3.76231147,1.181429644905409
M23_C019,M23,hydroquinone,redox_active,14,-10393.12651511653,7.15473367,1.8018239506042573
M23_C020,M23,hydroquinone,redox_active,14,-10392.830314497565,5.78066767,2.229115828555807
M23_C021,M23,hydroquinone,redox_active,14,-10393.537906009464,4.62028228,1.7478253476478234
M23_C022,M23,hydroquinone,redox_active,14,-10392.92836505368,7.37488245,2.134064860428426
M23_C023,M23,hydroquinone,redox_active,14,-10393.044482937168,7.87243558,2.148589080619728
M23_C024,M23,hydroquinone,redox_active,14,-10393.35038946481,5.77568819,1.5006873948585755
M24_C001,M24,phenazine,redox_active,22,-15525.403955049325,2.26709281,0.8581740526664504
M24_C002,M24,phenazine,redox_active,22,-15524.041683396636,8.95307932,1.6967622745177335
M24_C003,M24,phenazine,redox_active,22,-15523.45430451307,6.62538129,2.031626671384914
M24_C004,M24,phenazine,redox_active,22,-15523.819962611009,5.10594716,1.5693998578568686
M24_C005,M24,phenazine,redox_active,22,-15523.866518883888,7.0191745,1.6764258780690473
M24_C006,M24,phenazine,redox_active,22,-15523.733934195125,4.76347412,1.6207595334056284
M24_C007,M24,phenazine,redox_active,22,-15523.978912586212,5.15769318,1.4859124965935497
M24_C008,M24,phenazine,redox_active,22,-15523.24253092064,6.97453786,2.1963053865220634
M24_C009,M24,phenazine,redox_active,22,-15523.903742548551,6.88077605,1.6646082362432018
M24_C010,M24,phenazine,redox_active,22,-15523.803780918175,6.35720806,1.8535909583031451
M24_C011,M24,phenazine,redox_active,22,-15523.678659006753,6.54068273,1.7185086872805506
M24_C012,M24,phenazine,redox_active,22,-15523.816160580065,4.96326113,1.678897901868434
M24_C013,M24,phenazine,redox_active,22,-15523.205402678012,8.15492592,2.028934957176579
M24_C014,M24,phenazine,redox_active,22,-15523.577681477676,5.75761535,1.7177167557251254
M24_C015,M24,phenazine,redox_active,22,-15522.529959026082,7.51822726,2.3043394834898545
M24_C016,M24,phenazine,redox_active,22,-15523.755051681397,6.14072377,1.7664636483956546
M24_C017,M24,phenazine,redox_active,22,-15524.066013391135,5.40572835,1.6270913637741615
M24_C018,M24,phenazine,redox_active,22,-15523.50599342119,7.05340465,2.0862483799546427
M24_C019,M24,phenazine,redox_active,22,-15523.07046843186,11.8730214,2.210896839638908
M24_C020,M24,phenazine,redox_active,22,-15522.615816739732,8.48177581,2.4939206525545603
M24_C021,M24,phenazine,redox_active,22,-15524.129446965273,4.74387464,1.5476438577263114
M24_C022,M24,phenazine,redox_active,22,-15523.937924267882,5.4225652,1.7160755659007452
M24_C023,M24,phenazine,redox_active,22,-15524.356766656349,4.85100131,1.4039256278310235
M24_C024,M24,phenazine,redox_active,22,-15524.147396893406,5.358219,1.6308810031201164
