id,name,family,input_smiles,canonical_smiles,formula,molecular_weight,total_atoms,heavy_atoms,carbon,hydrogen,nitrogen,oxygen,sulfur,fluorine,rings,aromatic_rings,rotatable_bonds
M01,benzene,aromatic_hydrocarbon,C1=CC=CC=C1,c1ccccc1,C6H6,78.11399999999999,6,6,6,0,0,0,0,0,1,1,0
M02,toluene,aromatic_hydrocarbon,CC1=CC=CC=C1,Cc1ccccc1,C7H8,92.14099999999999,7,7,7,0,0,0,0,0,1,1,0
M03,naphthalene,aromatic_hydrocarbon,C1=CC=C2C=CC=CC2=C1,c1ccc2ccccc2c1,C10H8,128.17399999999995,10,10,10,0,0,0,0,0,2,2,0
M04,anthracene,aromatic_hydrocarbon,C1=CC=C2C=C3C=CC=CC3=CC2=C1,c1ccc2cc3ccccc3cc2c1,C14H10,178.23399999999995,14,14,14,0,0,0,0,0,3,3,0
M05,phenol,O_N_aromatic,C1=CC=C(C=C1)O,Oc1ccccc1,C6H6O,94.11299999999997,7,7,6,0,0,1,0,0,1,1,0
M06,anisole,O_N_aromatic,COC1=CC=CC=C1,COc1ccccc1,C7H8O,108.13999999999997,8,8,7,0,0,1,0,0,1,1,1
M07,pyridine,O_N_aromatic,C1=CC=NC=C1,c1ccncc1,C5H5N,79.10199999999998,6,6,5,0,1,0,0,0,1,1,0
M08,aniline,O_N_aromatic,C1=CC=C(C=C1)N,Nc1ccccc1,C6H7N,93.12899999999999,7,7,6,0,1,0,0,0,1,1,0
M09,1_2_3_thiadiazole,S_heteroaromatic,S1N=NC=C1,c1csnn1,C2H2N2S,86.11899999999999,5,5,2,0,2,0,1,0,1,1,0
M10,BDT,S_heteroaromatic,C12=CC3=C(C=CS3)C=C1SC=C2,c1cc2cc3sccc3cc2s1,C10H6S2,190.292,12,12,10,0,0,0,2,0,3,3,0
M11,benzobithiophene,S_heteroaromatic,C1(C2=CC3=CC=CC=C3S2)=CC4=CC=CC=C4S1,c1ccc2sc(-c3cc4ccccc4s3)cc2c1,C16H10S2,266.39,18,18,16,0,0,0,2,0,4,4,1
M12,terthiophene,S_heteroaromatic,c1cc(sc1)c2cc(sc2)c3cccs3,c1csc(-c2csc(-c3cccs3)c2)c1,C12H8S3,248.397,15,15,12,0,0,0,3,0,3,3,2
M13,4_nitroaniline,donor_acceptor,C1=CC(=CC=C1N)[N+](=O)[O-],Nc1ccc([N+](=O)[O-])cc1,C6H6N2O2,138.126,10,10,6,0,2,2,0,0,1,1,1
M14,4_dimethylaminobenzonitrile,donor_acceptor,CN(C)C1=CC=C(C=C1)C#N,CN(C)c1ccc(C#N)cc1,C9H10N2,146.19299999999996,11,11,9,0,2,0,0,0,1,1,1
M15,4_nitrostyrene,donor_acceptor,C=CC1=CC=C(C=C1)[N+](=O)[O-],C=Cc1ccc([N+](=O)[O-])cc1,C8H7NO2,149.14899999999997,11,11,8,0,1,2,0,0,1,1,2
M16,2_4_nitrophenyl_thiophene,donor_acceptor,O=[N+](C1=CC=C(C2=CC=CS2)C=C1)[O-],O=[N+]([O-])c1ccc(-c2cccs2)cc1,C10H7NO2S,205.238,14,14,10,0,1,2,1,0,2,2,2
M17,fluorobenzene,fluorinated,C1=CC=C(C=C1)F,Fc1ccccc1,C6H5F,96.10399999999998,7,7,6,0,0,0,0,1,1,1,0
M18,1_4_difluorobenzene,fluorinated,FC1=CC=C(F)C=C1,Fc1ccc(F)cc1,C6H4F2,114.094,8,8,6,0,0,0,0,2,1,1,0
M19,2_fluorothiophene,fluorinated,FC1=CC=CS1,Fc1cccs1,C4H3FS,102.13300000000001,6,6,4,0,0,0,1,1,1,1,0
M20,2_3_5_6_tetrafluoropyridine,fluorinated,C1(=NC(=C(C(=C1F)F)F)F),Fc1cnc(F)c(F)c1F,C5HF4N,151.06199999999998,10,10,5,0,1,0,0,4,1,1,0
M21,benzoquinone,redox_active,C1=CC(=O)C=CC1=O,O=C1C=CC(=O)C=C1,C6H4O2,108.09599999999998,8,8,6,0,0,2,0,0,1,0,0
M22,naphthoquinone,redox_active,C1=CC=C2C(=O)C=CC(=O)C2=C1,O=C1C=CC(=O)c2ccccc21,C10H6O2,158.15599999999998,12,12,10,0,0,2,0,0,2,1,0
M23,hydroquinone,redox_active,C1=CC(=CC=C1O)O,Oc1ccc(O)cc1,C6H6O2,110.11199999999997,8,8,6,0,0,2,0,0,1,1,0
M24,phenazine,redox_active,C1=CC=C2C(=C1)N=C3C=CC=CC3=N2,c1ccc2nc3ccccc3nc2c1,C12H8N2,180.20999999999998,14,14,12,0,2,0,0,0,3,3,0
