configuration_id,molecule_id,molecule_name,family,n_atoms,energy_eV,max_force_eV_A,rms_force_eV_A,dft_method,dft_basis,dft_software
M01_C001,M01,benzene,aromatic_hydrocarbon,12,-6307.907164112027,0.22000098782033287,0.12772414573529806,PBE0-D3(BJ),def2-SVP,PySCF
M01_C002,M01,benzene,aromatic_hydrocarbon,12,-6307.139976561962,3.4599249935932725,1.1759525639273414,PBE0-D3(BJ),def2-SVP,PySCF
M01_C003,M01,benzene,aromatic_hydrocarbon,12,-6306.930399263377,5.646998117327612,1.7341896217828412,PBE0-D3(BJ),def2-SVP,PySCF
M01_C004,M01,benzene,aromatic_hydrocarbon,12,-6306.501323343081,6.413808032361258,2.266812394068194,PBE0-D3(BJ),def2-SVP,PySCF
M01_C005,M01,benzene,aromatic_hydrocarbon,12,-6306.794353815661,4.665641425880563,1.6713803423275841,PBE0-D3(BJ),def2-SVP,PySCF
M01_C006,M01,benzene,aromatic_hydrocarbon,12,-6307.048993439775,4.5344064084093,1.4816976450150487,PBE0-D3(BJ),def2-SVP,PySCF
M01_C007,M01,benzene,aromatic_hydrocarbon,12,-6306.936105528562,3.373522949235882,1.340234943315761,PBE0-D3(BJ),def2-SVP,PySCF
M01_C008,M01,benzene,aromatic_hydrocarbon,12,-6307.026549492607,4.1224010991314595,1.4844384919038827,PBE0-D3(BJ),def2-SVP,PySCF
M01_C009,M01,benzene,aromatic_hydrocarbon,12,-6306.23997041942,6.539764646579186,1.9594047648476476,PBE0-D3(BJ),def2-SVP,PySCF
M01_C010,M01,benzene,aromatic_hydrocarbon,12,-6306.548771298773,4.5043752689749805,1.4877787799885582,PBE0-D3(BJ),def2-SVP,PySCF
M01_C011,M01,benzene,aromatic_hydrocarbon,12,-6306.9710364636785,6.025894675275419,1.7357959032295671,PBE0-D3(BJ),def2-SVP,PySCF
M01_C012,M01,benzene,aromatic_hydrocarbon,12,-6306.895375056493,4.080598140048189,1.6334051391560833,PBE0-D3(BJ),def2-SVP,PySCF
M01_C013,M01,benzene,aromatic_hydrocarbon,12,-6306.835290052274,4.922850024287355,1.7382566384323743,PBE0-D3(BJ),def2-SVP,PySCF
M01_C014,M01,benzene,aromatic_hydrocarbon,12,-6306.918781025681,3.519813257253563,1.4503531713571178,PBE0-D3(BJ),def2-SVP,PySCF
M01_C015,M01,benzene,aromatic_hydrocarbon,12,-6306.7271847488955,5.540327532611588,1.6072591937859997,PBE0-D3(BJ),def2-SVP,PySCF
M01_C016,M01,benzene,aromatic_hydrocarbon,12,-6306.41078493238,5.821826058675248,2.2997752327513736,PBE0-D3(BJ),def2-SVP,PySCF
M01_C017,M01,benzene,aromatic_hydrocarbon,12,-6306.713201308584,4.041944244994086,1.7756973687194206,PBE0-D3(BJ),def2-SVP,PySCF
M01_C018,M01,benzene,aromatic_hydrocarbon,12,-6306.452066275316,6.712815464645732,2.397364763838207,PBE0-D3(BJ),def2-SVP,PySCF
M01_C019,M01,benzene,aromatic_hydrocarbon,12,-6306.694233591069,6.644333172536868,2.216800138865688,PBE0-D3(BJ),def2-SVP,PySCF
M01_C020,M01,benzene,aromatic_hydrocarbon,12,-6306.00303554114,8.297520575001005,2.767883397817806,PBE0-D3(BJ),def2-SVP,PySCF
M01_C021,M01,benzene,aromatic_hydrocarbon,12,-6307.110454435837,4.138615616849399,1.2263563839363398,PBE0-D3(BJ),def2-SVP,PySCF
M01_C022,M01,benzene,aromatic_hydrocarbon,12,-6306.478075432177,7.984381094284296,2.5185953270331325,PBE0-D3(BJ),def2-SVP,PySCF
M01_C023,M01,benzene,aromatic_hydrocarbon,12,-6306.37735880388,5.981018203309922,2.34289600319158,PBE0-D3(BJ),def2-SVP,PySCF
M02_C001,M02,toluene,aromatic_hydrocarbon,15,-7375.782602059891,0.4028745374998191,0.17092652034415917,PBE0-D3(BJ),def2-SVP,PySCF
M02_C002,M02,toluene,aromatic_hydrocarbon,15,-7374.9428354779175,3.9915538449026573,1.3234815274841543,PBE0-D3(BJ),def2-SVP,PySCF
M02_C003,M02,toluene,aromatic_hydrocarbon,15,-7374.213596477226,5.051483873330847,1.9653662284751188,PBE0-D3(BJ),def2-SVP,PySCF
M02_C004,M02,toluene,aromatic_hydrocarbon,15,-7374.87617560189,3.2981660941824242,1.336641778046361,PBE0-D3(BJ),def2-SVP,PySCF
M02_C005,M02,toluene,aromatic_hydrocarbon,15,-7374.604722687318,4.467673010457905,1.6013187541928215,PBE0-D3(BJ),def2-SVP,PySCF
M02_C006,M02,toluene,aromatic_hydrocarbon,15,-7374.7633236159545,4.131963749501293,1.3451695870675604,PBE0-D3(BJ),def2-SVP,PySCF
M02_C007,M02,toluene,aromatic_hydrocarbon,15,-7374.679467563433,5.076933031023005,1.3974642226167977,PBE0-D3(BJ),def2-SVP,PySCF
M02_C008,M02,toluene,aromatic_hydrocarbon,15,-7374.489599808169,4.053060814477202,1.514893284701257,PBE0-D3(BJ),def2-SVP,PySCF
M02_C009,M02,toluene,aromatic_hydrocarbon,15,-7374.623848248721,3.796489657600397,1.4006269704717313,PBE0-D3(BJ),def2-SVP,PySCF
M02_C010,M02,toluene,aromatic_hydrocarbon,15,-7374.822505172859,3.1975565153008483,1.1172268029487957,PBE0-D3(BJ),def2-SVP,PySCF
M02_C011,M02,toluene,aromatic_hydrocarbon,15,-7373.795986193239,9.316627971189327,2.6541123428267523,PBE0-D3(BJ),def2-SVP,PySCF
M02_C012,M02,toluene,aromatic_hydrocarbon,15,-7374.104644732593,5.83899503399151,2.1480302450364843,PBE0-D3(BJ),def2-SVP,PySCF
M02_C013,M02,toluene,aromatic_hydrocarbon,15,-7374.517385214666,3.764998480010188,1.6114683784183796,PBE0-D3(BJ),def2-SVP,PySCF
M02_C014,M02,toluene,aromatic_hydrocarbon,15,-7374.301611583164,5.4894145450789,1.7472633156873525,PBE0-D3(BJ),def2-SVP,PySCF
M02_C015,M02,toluene,aromatic_hydrocarbon,15,-7374.739463942107,5.030679888957278,1.7979582274991832,PBE0-D3(BJ),def2-SVP,PySCF
M02_C016,M02,toluene,aromatic_hydrocarbon,15,-7374.44304563606,4.182375803538767,1.5107899050263804,PBE0-D3(BJ),def2-SVP,PySCF
M02_C017,M02,toluene,aromatic_hydrocarbon,15,-7373.820174311255,7.349639695275659,2.4356969372093586,PBE0-D3(BJ),def2-SVP,PySCF
M02_C018,M02,toluene,aromatic_hydrocarbon,15,-7374.599377833096,4.54058130191787,1.5078253257814542,PBE0-D3(BJ),def2-SVP,PySCF
M02_C019,M02,toluene,aromatic_hydrocarbon,15,-7374.533177992613,5.413563831613805,1.5726586664766617,PBE0-D3(BJ),def2-SVP,PySCF
M02_C020,M02,toluene,aromatic_hydrocarbon,15,-7374.58208695896,4.876444135920841,1.4181308388199287,PBE0-D3(BJ),def2-SVP,PySCF
M02_C021,M02,toluene,aromatic_hydrocarbon,15,-7374.854102719554,4.0220474399475945,1.3485555342535753,PBE0-D3(BJ),def2-SVP,PySCF
M02_C022,M02,toluene,aromatic_hydrocarbon,15,-7374.103862829808,9.486982423526548,2.5447870586792534,PBE0-D3(BJ),def2-SVP,PySCF
M02_C023,M02,toluene,aromatic_hydrocarbon,15,-7374.55462072529,5.138722587071451,1.5709069896228445,PBE0-D3(BJ),def2-SVP,PySCF
M02_C024,M02,toluene,aromatic_hydrocarbon,15,-7374.499918050347,5.4703363883492955,1.7903909507993088,PBE0-D3(BJ),def2-SVP,PySCF
M03_C001,M03,naphthalene,aromatic_hydrocarbon,18,-10481.147628403158,1.4143432270692908,0.5597045735165561,PBE0-D3(BJ),def2-SVP,PySCF
M03_C002,M03,naphthalene,aromatic_hydrocarbon,18,-10480.534709899342,3.229818160503217,0.9952725059772634,PBE0-D3(BJ),def2-SVP,PySCF
M03_C003,M03,naphthalene,aromatic_hydrocarbon,18,-10479.391612475605,7.1940740947777115,1.9979413860282491,PBE0-D3(BJ),def2-SVP,PySCF
M03_C004,M03,naphthalene,aromatic_hydrocarbon,18,-10479.030963574563,6.881767530280288,2.2832140757047625,PBE0-D3(BJ),def2-SVP,PySCF
M03_C005,M03,naphthalene,aromatic_hydrocarbon,18,-10480.188582557732,4.163558124602543,1.3621212222103425,PBE0-D3(BJ),def2-SVP,PySCF
M03_C006,M03,naphthalene,aromatic_hydrocarbon,18,-10479.57796973039,5.696890026489129,1.6169630144464977,PBE0-D3(BJ),def2-SVP,PySCF
M03_C007,M03,naphthalene,aromatic_hydrocarbon,18,-10480.18131871435,2.7550243182768868,1.1360304186389185,PBE0-D3(BJ),def2-SVP,PySCF
M03_C008,M03,naphthalene,aromatic_hydrocarbon,18,-10479.270541034075,6.603145976343455,2.003577197941217,PBE0-D3(BJ),def2-SVP,PySCF
M03_C009,M03,naphthalene,aromatic_hydrocarbon,18,-10479.935692523859,7.736196007284403,1.5015038169478045,PBE0-D3(BJ),def2-SVP,PySCF
M03_C010,M03,naphthalene,aromatic_hydrocarbon,18,-10479.559179267622,3.500314250182421,1.4581466962690313,PBE0-D3(BJ),def2-SVP,PySCF
M03_C011,M03,naphthalene,aromatic_hydrocarbon,18,-10479.85413638763,6.935409637852087,1.725817960294128,PBE0-D3(BJ),def2-SVP,PySCF
M03_C012,M03,naphthalene,aromatic_hydrocarbon,18,-10480.089278535412,4.068654686967868,1.3266360264597055,PBE0-D3(BJ),def2-SVP,PySCF
M03_C013,M03,naphthalene,aromatic_hydrocarbon,18,-10479.829319360226,4.091700333136426,1.4012309802116663,PBE0-D3(BJ),def2-SVP,PySCF
M03_C014,M03,naphthalene,aromatic_hydrocarbon,18,-10479.528785115068,4.430375543963403,1.8080228820832294,PBE0-D3(BJ),def2-SVP,PySCF
M03_C015,M03,naphthalene,aromatic_hydrocarbon,18,-10479.615883055203,7.303868840259749,2.0058408589158074,PBE0-D3(BJ),def2-SVP,PySCF
M03_C016,M03,naphthalene,aromatic_hydrocarbon,18,-10479.82646556989,9.158046707010056,1.971211402854041,PBE0-D3(BJ),def2-SVP,PySCF
M03_C017,M03,naphthalene,aromatic_hydrocarbon,18,-10480.220165676994,3.6328044157861896,1.217147476899168,PBE0-D3(BJ),def2-SVP,PySCF
M03_C018,M03,naphthalene,aromatic_hydrocarbon,18,-10478.934525933137,10.112656145319312,2.2800446605999185,PBE0-D3(BJ),def2-SVP,PySCF
M03_C019,M03,naphthalene,aromatic_hydrocarbon,18,-10479.118166958851,7.049621230352299,2.089779520786177,PBE0-D3(BJ),def2-SVP,PySCF
M03_C020,M03,naphthalene,aromatic_hydrocarbon,18,-10479.806701106534,4.644745265092962,1.502982701725836,PBE0-D3(BJ),def2-SVP,PySCF
M03_C021,M03,naphthalene,aromatic_hydrocarbon,18,-10480.005820462942,5.324421226246078,1.603536117487015,PBE0-D3(BJ),def2-SVP,PySCF
M03_C022,M03,naphthalene,aromatic_hydrocarbon,18,-10479.922100337386,5.143932275929822,1.4228675201890555,PBE0-D3(BJ),def2-SVP,PySCF
M03_C023,M03,naphthalene,aromatic_hydrocarbon,18,-10479.600894291145,4.945152677625909,1.6117627129191443,PBE0-D3(BJ),def2-SVP,PySCF
M03_C024,M03,naphthalene,aromatic_hydrocarbon,18,-10479.595424893141,5.468211343237353,1.608183816640525,PBE0-D3(BJ),def2-SVP,PySCF
M04_C001,M04,anthracene,aromatic_hydrocarbon,24,-14654.206412251555,1.7913662815994338,0.6954421297647815,PBE0-D3(BJ),def2-SVP,PySCF
M04_C002,M04,anthracene,aromatic_hydrocarbon,24,-14652.316793269882,4.811141520333149,1.7359882434007152,PBE0-D3(BJ),def2-SVP,PySCF
M04_C003,M04,anthracene,aromatic_hydrocarbon,24,-14652.63696113104,6.274247190465738,1.6456898353923668,PBE0-D3(BJ),def2-SVP,PySCF
M04_C004,M04,anthracene,aromatic_hydrocarbon,24,-14652.780832554408,4.1280252697335715,1.5326980173570337,PBE0-D3(BJ),def2-SVP,PySCF
M04_C005,M04,anthracene,aromatic_hydrocarbon,24,-14652.328358354773,4.762493178407214,1.6255624565429643,PBE0-D3(BJ),def2-SVP,PySCF
M04_C006,M04,anthracene,aromatic_hydrocarbon,24,-14652.00863567147,7.227540739112865,2.0331105792749353,PBE0-D3(BJ),def2-SVP,PySCF
M04_C007,M04,anthracene,aromatic_hydrocarbon,24,-14652.097762483128,6.629951390275382,1.870489560461195,PBE0-D3(BJ),def2-SVP,PySCF
M04_C008,M04,anthracene,aromatic_hydrocarbon,24,-14652.308129045117,6.778849309980968,1.8661073483722272,PBE0-D3(BJ),def2-SVP,PySCF
M04_C009,M04,anthracene,aromatic_hydrocarbon,24,-14652.538717393429,8.128652547704082,1.8318759599374925,PBE0-D3(BJ),def2-SVP,PySCF
M04_C010,M04,anthracene,aromatic_hydrocarbon,24,-14652.32227812072,6.039557104560234,1.8282236024076668,PBE0-D3(BJ),def2-SVP,PySCF
M04_C011,M04,anthracene,aromatic_hydrocarbon,24,-14652.335476278602,5.801724757313747,1.7583738762609307,PBE0-D3(BJ),def2-SVP,PySCF
M04_C012,M04,anthracene,aromatic_hydrocarbon,24,-14651.37252306519,8.015759330550248,2.459959341927612,PBE0-D3(BJ),def2-SVP,PySCF
M04_C013,M04,anthracene,aromatic_hydrocarbon,24,-14653.0874332501,5.650100601539166,1.2453198689576859,PBE0-D3(BJ),def2-SVP,PySCF
M04_C014,M04,anthracene,aromatic_hydrocarbon,24,-14652.421833503658,6.066844208258629,1.6837669950564387,PBE0-D3(BJ),def2-SVP,PySCF
M04_C015,M04,anthracene,aromatic_hydrocarbon,24,-14651.874911830382,8.83387648197114,2.0643909049174733,PBE0-D3(BJ),def2-SVP,PySCF
M04_C016,M04,anthracene,aromatic_hydrocarbon,24,-14653.073391608548,6.184634966518691,1.4913682190756747,PBE0-D3(BJ),def2-SVP,PySCF
M04_C017,M04,anthracene,aromatic_hydrocarbon,24,-14652.273164284907,5.224047567893387,1.860361157372678,PBE0-D3(BJ),def2-SVP,PySCF
M04_C018,M04,anthracene,aromatic_hydrocarbon,24,-14652.64882587686,3.784380330045885,1.4517471758156022,PBE0-D3(BJ),def2-SVP,PySCF
M04_C019,M04,anthracene,aromatic_hydrocarbon,24,-14651.744383918027,6.468731080936936,2.0662661762629346,PBE0-D3(BJ),def2-SVP,PySCF
M04_C020,M04,anthracene,aromatic_hydrocarbon,24,-14652.62959193223,5.35339722219396,1.563126252819384,PBE0-D3(BJ),def2-SVP,PySCF
M04_C021,M04,anthracene,aromatic_hydrocarbon,24,-14652.607116832007,4.245290593645828,1.4021308722689116,PBE0-D3(BJ),def2-SVP,PySCF
M04_C022,M04,anthracene,aromatic_hydrocarbon,24,-14651.461704857411,6.643140402178029,2.224825713773174,PBE0-D3(BJ),def2-SVP,PySCF
M04_C023,M04,anthracene,aromatic_hydrocarbon,24,-14652.429891092115,6.438849293894827,1.7969612116118967,PBE0-D3(BJ),def2-SVP,PySCF
M04_C024,M04,anthracene,aromatic_hydrocarbon,24,-14652.379880985394,8.478949193966049,1.8182700192149066,PBE0-D3(BJ),def2-SVP,PySCF
M05_C001,M05,phenol,O_N_aromatic,13,-8351.282398056012,1.0313851278361197,0.2815673545083992,PBE0-D3(BJ),def2-SVP,PySCF
M05_C002,M05,phenol,O_N_aromatic,13,-8350.124227677694,6.20612159161485,1.7465571842018495,PBE0-D3(BJ),def2-SVP,PySCF
M05_C003,M05,phenol,O_N_aromatic,13,-8350.249480447155,3.5040178325566727,1.3220510734730844,PBE0-D3(BJ),def2-SVP,PySCF
M05_C004,M05,phenol,O_N_aromatic,13,-8349.72765348413,6.00316591588783,2.4108907996151503,PBE0-D3(BJ),def2-SVP,PySCF
M05_C005,M05,phenol,O_N_aromatic,13,-8350.430974840801,3.718235282615227,1.2579475989894928,PBE0-D3(BJ),def2-SVP,PySCF
M05_C006,M05,phenol,O_N_aromatic,13,-8350.38962084959,5.6964948314067545,1.5931661653869558,PBE0-D3(BJ),def2-SVP,PySCF
M05_C007,M05,phenol,O_N_aromatic,13,-8350.278426705183,3.7339181873981824,1.3823703634733,PBE0-D3(BJ),def2-SVP,PySCF
M05_C008,M05,phenol,O_N_aromatic,13,-8349.91056534121,8.095125572386674,2.4567375856224087,PBE0-D3(BJ),def2-SVP,PySCF
M05_C009,M05,phenol,O_N_aromatic,13,-8350.599143907973,3.9840053673168643,1.373565795760746,PBE0-D3(BJ),def2-SVP,PySCF
M05_C010,M05,phenol,O_N_aromatic,13,-8350.245407536402,4.612774636347746,1.5870543835987199,PBE0-D3(BJ),def2-SVP,PySCF
M05_C011,M05,phenol,O_N_aromatic,13,-8349.780675878283,6.944450860576456,2.4206033067211075,PBE0-D3(BJ),def2-SVP,PySCF
M05_C012,M05,phenol,O_N_aromatic,13,-8350.099048527334,5.765321877350453,1.8390977219569555,PBE0-D3(BJ),def2-SVP,PySCF
M05_C013,M05,phenol,O_N_aromatic,13,-8350.1166102974,3.1936938682813856,1.4130624369088818,PBE0-D3(BJ),def2-SVP,PySCF
M05_C014,M05,phenol,O_N_aromatic,13,-8350.019291571936,7.813180023348958,2.110439886043785,PBE0-D3(BJ),def2-SVP,PySCF
M05_C015,M05,phenol,O_N_aromatic,13,-8350.310731096268,5.419109304767175,1.6582446666160162,PBE0-D3(BJ),def2-SVP,PySCF
M05_C016,M05,phenol,O_N_aromatic,13,-8349.63505808688,5.324308322004003,2.109278502552662,PBE0-D3(BJ),def2-SVP,PySCF
M05_C017,M05,phenol,O_N_aromatic,13,-8350.332312954257,4.223754547827549,1.3973426224426204,PBE0-D3(BJ),def2-SVP,PySCF
M05_C018,M05,phenol,O_N_aromatic,13,-8349.862333064824,4.555121852629138,1.9045709636764905,PBE0-D3(BJ),def2-SVP,PySCF
M05_C019,M05,phenol,O_N_aromatic,13,-8350.058943976237,4.314708768903945,1.7457820942403492,PBE0-D3(BJ),def2-SVP,PySCF
M05_C020,M05,phenol,O_N_aromatic,13,-8350.264361036276,4.2457738115762735,1.503794805492275,PBE0-D3(BJ),def2-SVP,PySCF
M05_C021,M05,phenol,O_N_aromatic,13,-8349.37192386838,9.729461929948025,2.9946931093799734,PBE0-D3(BJ),def2-SVP,PySCF
M05_C022,M05,phenol,O_N_aromatic,13,-8349.815945525837,5.257807859618503,1.941661365382491,PBE0-D3(BJ),def2-SVP,PySCF
M06_C001,M06,anisole,O_N_aromatic,16,-9418.620407508524,0.9618516266937889,0.2953404429332011,PBE0-D3(BJ),def2-SVP,PySCF
M06_C002,M06,anisole,O_N_aromatic,16,-9417.656330397125,3.2563734853766926,1.1130798745665715,PBE0-D3(BJ),def2-SVP,PySCF
M06_C003,M06,anisole,O_N_aromatic,16,-9417.899524945668,2.494397405136379,0.9911771892983546,PBE0-D3(BJ),def2-SVP,PySCF
M06_C004,M06,anisole,O_N_aromatic,16,-9416.977601074492,5.877499053666488,2.2325698382938244,PBE0-D3(BJ),def2-SVP,PySCF
M06_C005,M06,anisole,O_N_aromatic,16,-9416.803557326706,7.048713158033567,1.9516804345893632,PBE0-D3(BJ),def2-SVP,PySCF
M06_C006,M06,anisole,O_N_aromatic,16,-9417.771637402968,4.803373452365126,1.3413296550011813,PBE0-D3(BJ),def2-SVP,PySCF
M06_C007,M06,anisole,O_N_aromatic,16,-9417.409197621793,4.330931574244484,1.5478115550255458,PBE0-D3(BJ),def2-SVP,PySCF
M06_C008,M06,anisole,O_N_aromatic,16,-9417.933619183115,4.522202646437044,1.3631954742619592,PBE0-D3(BJ),def2-SVP,PySCF
M06_C009,M06,anisole,O_N_aromatic,16,-9417.535883815974,4.367993425869759,1.7031695318204532,PBE0-D3(BJ),def2-SVP,PySCF
M06_C010,M06,anisole,O_N_aromatic,16,-9416.92871368316,5.158857672151546,1.6975486676819034,PBE0-D3(BJ),def2-SVP,PySCF
M06_C011,M06,anisole,O_N_aromatic,16,-9417.672874619577,3.3834115704910523,1.2190406672371434,PBE0-D3(BJ),def2-SVP,PySCF
M06_C012,M06,anisole,O_N_aromatic,16,-9417.34186871178,4.123430959415086,1.408082078664654,PBE0-D3(BJ),def2-SVP,PySCF
M06_C013,M06,anisole,O_N_aromatic,16,-9417.922003984837,3.623116651026269,1.1189669102081723,PBE0-D3(BJ),def2-SVP,PySCF
M06_C014,M06,anisole,O_N_aromatic,16,-9416.974638843143,4.16648305311799,1.73566483571572,PBE0-D3(BJ),def2-SVP,PySCF
M06_C015,M06,anisole,O_N_aromatic,16,-9417.899539179754,3.553855934811571,1.1405886086023032,PBE0-D3(BJ),def2-SVP,PySCF
M06_C016,M06,anisole,O_N_aromatic,16,-9417.57323097606,2.801082124573545,1.1879919294420371,PBE0-D3(BJ),def2-SVP,PySCF
M06_C017,M06,anisole,O_N_aromatic,16,-9417.714659704867,3.6104904519849885,1.1484276157517703,PBE0-D3(BJ),def2-SVP,PySCF
M06_C018,M06,anisole,O_N_aromatic,16,-9417.748122967861,4.607442198515012,1.4829741948781348,PBE0-D3(BJ),def2-SVP,PySCF
M06_C019,M06,anisole,O_N_aromatic,16,-9417.483314292096,4.775682891253959,1.565844841651607,PBE0-D3(BJ),def2-SVP,PySCF
M06_C020,M06,anisole,O_N_aromatic,16,-9417.4113850866,4.29455090882194,1.330446798467682,PBE0-D3(BJ),def2-SVP,PySCF
M06_C021,M06,anisole,O_N_aromatic,16,-9417.726367205152,2.84501966258137,1.238363440971816,PBE0-D3(BJ),def2-SVP,PySCF
M06_C022,M06,anisole,O_N_aromatic,16,-9417.554745400803,5.6056786025100545,1.4481039824931166,PBE0-D3(BJ),def2-SVP,PySCF
M06_C023,M06,anisole,O_N_aromatic,16,-9417.395140429066,5.300652359565356,1.6156116471475983,PBE0-D3(BJ),def2-SVP,PySCF
M06_C024,M06,anisole,O_N_aromatic,16,-9417.647899994094,4.455439246070388,1.4179330718137668,PBE0-D3(BJ),def2-SVP,PySCF
M07_C001,M07,pyridine,O_N_aromatic,11,-6743.471126834403,1.1073983857152072,0.4069414125101183,PBE0-D3(BJ),def2-SVP,PySCF
M07_C002,M07,pyridine,O_N_aromatic,11,-6742.548090280422,4.134107383016264,1.4661098888811082,PBE0-D3(BJ),def2-SVP,PySCF
M07_C003,M07,pyridine,O_N_aromatic,11,-6742.760900511559,3.3638958770968648,1.4175221676024414,PBE0-D3(BJ),def2-SVP,PySCF
M07_C004,M07,pyridine,O_N_aromatic,11,-6742.427763755943,4.967156039456993,1.5862889456459361,PBE0-D3(BJ),def2-SVP,PySCF
M07_C005,M07,pyridine,O_N_aromatic,11,-6741.157021633351,8.052831588038194,3.17970892032059,PBE0-D3(BJ),def2-SVP,PySCF
M07_C006,M07,pyridine,O_N_aromatic,11,-6742.735567153265,5.232283674820506,1.456635002893104,PBE0-D3(BJ),def2-SVP,PySCF
M07_C007,M07,pyridine,O_N_aromatic,11,-6742.02615726559,7.595335947715191,2.5033904862091862,PBE0-D3(BJ),def2-SVP,PySCF
M07_C008,M07,pyridine,O_N_aromatic,11,-6742.280798352462,6.1680624627824505,1.877836043046125,PBE0-D3(BJ),def2-SVP,PySCF
M07_C009,M07,pyridine,O_N_aromatic,11,-6742.078590466682,5.625125875225404,2.176759224108312,PBE0-D3(BJ),def2-SVP,PySCF
M07_C010,M07,pyridine,O_N_aromatic,11,-6741.810263442573,8.757151643916472,2.491899278082694,PBE0-D3(BJ),def2-SVP,PySCF
M07_C011,M07,pyridine,O_N_aromatic,11,-6742.365431633255,6.896645808726955,1.942038151071414,PBE0-D3(BJ),def2-SVP,PySCF
M07_C012,M07,pyridine,O_N_aromatic,11,-6742.501707829916,5.079828484763031,1.6624437976709168,PBE0-D3(BJ),def2-SVP,PySCF
M07_C013,M07,pyridine,O_N_aromatic,11,-6742.464179579937,5.822637126865003,1.8096235542434134,PBE0-D3(BJ),def2-SVP,PySCF
M07_C014,M07,pyridine,O_N_aromatic,11,-6742.15128271637,3.6602349713402456,1.6831036674466948,PBE0-D3(BJ),def2-SVP,PySCF
M07_C015,M07,pyridine,O_N_aromatic,11,-6740.8652377662165,13.429311593583353,4.329349527505578,PBE0-D3(BJ),def2-SVP,PySCF
M07_C016,M07,pyridine,O_N_aromatic,11,-6742.3713472600375,5.468662927588066,1.762735777216574,PBE0-D3(BJ),def2-SVP,PySCF
M07_C017,M07,pyridine,O_N_aromatic,11,-6742.225996882083,5.076979466696109,1.7552014670981482,PBE0-D3(BJ),def2-SVP,PySCF
M07_C018,M07,pyridine,O_N_aromatic,11,-6742.452419041596,3.5740972910713436,1.2916190188024388,PBE0-D3(BJ),def2-SVP,PySCF
M08_C001,M08,aniline,O_N_aromatic,14,-7811.608785461578,1.0742247108745422,0.3025742827151816,PBE0-D3(BJ),def2-SVP,PySCF
M08_C002,M08,aniline,O_N_aromatic,14,-7810.697478912454,5.907261851433002,1.5274380366985196,PBE0-D3(BJ),def2-SVP,PySCF
M08_C003,M08,aniline,O_N_aromatic,14,-7810.613187250655,3.2999028967684207,1.3545050235955132,PBE0-D3(BJ),def2-SVP,PySCF
M08_C004,M08,aniline,O_N_aromatic,14,-7810.469400565752,6.1475547044554775,1.7329853083458047,PBE0-D3(BJ),def2-SVP,PySCF
M08_C005,M08,aniline,O_N_aromatic,14,-7810.115410351408,5.198553109665012,1.911401390721957,PBE0-D3(BJ),def2-SVP,PySCF
M08_C006,M08,aniline,O_N_aromatic,14,-7810.5234422118265,5.363530048699477,1.7088932270615356,PBE0-D3(BJ),def2-SVP,PySCF
M08_C007,M08,aniline,O_N_aromatic,14,-7810.729478603956,2.994901978188738,1.3610225297671399,PBE0-D3(BJ),def2-SVP,PySCF
M08_C008,M08,aniline,O_N_aromatic,14,-7810.064839725226,4.619324882665204,1.8804610300730955,PBE0-D3(BJ),def2-SVP,PySCF
M08_C009,M08,aniline,O_N_aromatic,14,-7810.2944535806455,5.3209764318031345,1.87423119261826,PBE0-D3(BJ),def2-SVP,PySCF
M08_C010,M08,aniline,O_N_aromatic,14,-7810.596849856684,5.534621861498227,1.625887742681541,PBE0-D3(BJ),def2-SVP,PySCF
M08_C011,M08,aniline,O_N_aromatic,14,-7810.620576949538,6.15286185076458,1.6015389493470453,PBE0-D3(BJ),def2-SVP,PySCF
M08_C012,M08,aniline,O_N_aromatic,14,-7810.243076665804,6.218778229033477,1.9604389573509524,PBE0-D3(BJ),def2-SVP,PySCF
M08_C013,M08,aniline,O_N_aromatic,14,-7810.042209499946,6.339127452650552,1.9606383895313724,PBE0-D3(BJ),def2-SVP,PySCF
M08_C014,M08,aniline,O_N_aromatic,14,-7810.897377643709,2.7584499270102536,1.0046759849268407,PBE0-D3(BJ),def2-SVP,PySCF
M08_C015,M08,aniline,O_N_aromatic,14,-7810.5665443144735,5.344259880468105,1.6756291309549658,PBE0-D3(BJ),def2-SVP,PySCF
M08_C016,M08,aniline,O_N_aromatic,14,-7810.682210832942,3.694146461105276,1.2476537497780047,PBE0-D3(BJ),def2-SVP,PySCF
M08_C017,M08,aniline,O_N_aromatic,14,-7810.058645211529,6.833441918237874,2.004781923272071,PBE0-D3(BJ),def2-SVP,PySCF
M08_C018,M08,aniline,O_N_aromatic,14,-7810.774716394326,3.3916297236259707,1.3207877477979442,PBE0-D3(BJ),def2-SVP,PySCF
M08_C019,M08,aniline,O_N_aromatic,14,-7810.266635848505,8.541318747457064,2.142776410277666,PBE0-D3(BJ),def2-SVP,PySCF
M08_C020,M08,aniline,O_N_aromatic,14,-7810.683885604561,3.740518091763734,1.293788983909458,PBE0-D3(BJ),def2-SVP,PySCF
M09_C001,M09,1_2_3_thiadiazole,S_heteroaromatic,7,-15903.56267228523,2.671187371858555,0.8779149438617407,PBE0-D3(BJ),def2-SVP,PySCF
M09_C002,M09,1_2_3_thiadiazole,S_heteroaromatic,7,-15902.046019685335,9.838962043301791,3.5431894972654523,PBE0-D3(BJ),def2-SVP,PySCF
M09_C003,M09,1_2_3_thiadiazole,S_heteroaromatic,7,-15902.562967680213,7.647720413385246,2.511120991674529,PBE0-D3(BJ),def2-SVP,PySCF
M09_C004,M09,1_2_3_thiadiazole,S_heteroaromatic,7,-15902.499080741778,5.216167741467686,2.2174289781980527,PBE0-D3(BJ),def2-SVP,PySCF
M09_C005,M09,1_2_3_thiadiazole,S_heteroaromatic,7,-15902.937288996003,4.233005425974579,1.608638790652052,PBE0-D3(BJ),def2-SVP,PySCF
M09_C006,M09,1_2_3_thiadiazole,S_heteroaromatic,7,-15902.03957192115,7.261400864174148,2.398682488962081,PBE0-D3(BJ),def2-SVP,PySCF
M09_C007,M09,1_2_3_thiadiazole,S_heteroaromatic,7,-15902.469854075345,6.641100304089126,2.1648624017269777,PBE0-D3(BJ),def2-SVP,PySCF
M09_C008,M09,1_2_3_thiadiazole,S_heteroaromatic,7,-15902.885016587716,4.143266156345173,1.7931015836753572,PBE0-D3(BJ),def2-SVP,PySCF
M09_C009,M09,1_2_3_thiadiazole,S_heteroaromatic,7,-15902.542407852947,4.70209842039506,2.1565718329312453,PBE0-D3(BJ),def2-SVP,PySCF
M09_C010,M09,1_2_3_thiadiazole,S_heteroaromatic,7,-15902.181765266614,10.642927346906543,3.353340244760973,PBE0-D3(BJ),def2-SVP,PySCF
M09_C011,M09,1_2_3_thiadiazole,S_heteroaromatic,7,-15902.000400508017,10.851138114823428,3.420041717213898,PBE0-D3(BJ),def2-SVP,PySCF
M09_C012,M09,1_2_3_thiadiazole,S_heteroaromatic,7,-15902.085049964959,7.064942287684959,2.5632372842336126,PBE0-D3(BJ),def2-SVP,PySCF
M09_C013,M09,1_2_3_thiadiazole,S_heteroaromatic,7,-15902.542525318295,4.990351088507333,2.058427619626148,PBE0-D3(BJ),def2-SVP,PySCF
M09_C014,M09,1_2_3_thiadiazole,S_heteroaromatic,7,-15902.553790031234,6.86733534984188,2.3437444173746735,PBE0-D3(BJ),def2-SVP,PySCF
M09_C015,M09,1_2_3_thiadiazole,S_heteroaromatic,7,-15902.317815200468,5.0765604520830925,2.5960635520782236,PBE0-D3(BJ),def2-SVP,PySCF
M09_C016,M09,1_2_3_thiadiazole,S_heteroaromatic,7,-15902.637482890035,4.956918546572578,2.1627385878270466,PBE0-D3(BJ),def2-SVP,PySCF
M09_C017,M09,1_2_3_thiadiazole,S_heteroaromatic,7,-15901.947328214665,6.465384225025545,2.554237918736794,PBE0-D3(BJ),def2-SVP,PySCF
M09_C018,M09,1_2_3_thiadiazole,S_heteroaromatic,7,-15902.827296753627,5.4605823667563715,1.740165331946447,PBE0-D3(BJ),def2-SVP,PySCF
M09_C019,M09,1_2_3_thiadiazole,S_heteroaromatic,7,-15902.50716962323,4.589661830194292,2.1632968868109033,PBE0-D3(BJ),def2-SVP,PySCF
M09_C020,M09,1_2_3_thiadiazole,S_heteroaromatic,7,-15902.514246205246,5.628703360832128,2.194419759256542,PBE0-D3(BJ),def2-SVP,PySCF
M09_C021,M09,1_2_3_thiadiazole,S_heteroaromatic,7,-15902.766995744478,3.3509937507707566,1.6033438433004195,PBE0-D3(BJ),def2-SVP,PySCF
M09_C022,M09,1_2_3_thiadiazole,S_heteroaromatic,7,-15902.670835658446,6.669440762249328,2.17318652735045,PBE0-D3(BJ),def2-SVP,PySCF
M09_C023,M09,1_2_3_thiadiazole,S_heteroaromatic,7,-15902.590550221676,5.711999718096977,2.520205073881952,PBE0-D3(BJ),def2-SVP,PySCF
M09_C024,M09,1_2_3_thiadiazole,S_heteroaromatic,7,-15902.34981820539,7.386699402008068,2.653273491832892,PBE0-D3(BJ),def2-SVP,PySCF
M10_C001,M10,BDT,S_heteroaromatic,18,-32105.01692709718,1.3085666393478868,0.5501757428280082,PBE0-D3(BJ),def2-SVP,PySCF
M10_C002,M10,BDT,S_heteroaromatic,18,-32104.21136704229,3.6286758682407454,1.2723534472680036,PBE0-D3(BJ),def2-SVP,PySCF
M10_C003,M10,BDT,S_heteroaromatic,18,-32103.92097800956,3.619267860652482,1.4002081655849257,PBE0-D3(BJ),def2-SVP,PySCF
M10_C004,M10,BDT,S_heteroaromatic,18,-32103.62580059518,4.2254959281912035,1.641044748393203,PBE0-D3(BJ),def2-SVP,PySCF
M10_C005,M10,BDT,S_heteroaromatic,18,-32104.071691316552,5.365619656481998,1.6117881070685154,PBE0-D3(BJ),def2-SVP,PySCF
M10_C006,M10,BDT,S_heteroaromatic,18,-32104.06494090307,5.51818364378197,1.548091101618345,PBE0-D3(BJ),def2-SVP,PySCF
M10_C007,M10,BDT,S_heteroaromatic,18,-32104.040128825567,3.757222208449731,1.2938190419794084,PBE0-D3(BJ),def2-SVP,PySCF
M10_C008,M10,BDT,S_heteroaromatic,18,-32103.374170499905,4.7734408013288,1.6302001623519065,PBE0-D3(BJ),def2-SVP,PySCF
M10_C009,M10,BDT,S_heteroaromatic,18,-32103.536784783264,5.3283274244361145,1.8743427918619053,PBE0-D3(BJ),def2-SVP,PySCF
M10_C010,M10,BDT,S_heteroaromatic,18,-32104.07686897809,5.3556868508217415,1.5499467360918004,PBE0-D3(BJ),def2-SVP,PySCF
M10_C011,M10,BDT,S_heteroaromatic,18,-32103.528872384115,5.9298976870543365,1.6830641683980243,PBE0-D3(BJ),def2-SVP,PySCF
M10_C012,M10,BDT,S_heteroaromatic,18,-32104.016132533645,4.5037792830689565,1.4470082151877741,PBE0-D3(BJ),def2-SVP,PySCF
M10_C013,M10,BDT,S_heteroaromatic,18,-32103.364967539248,5.977876340066586,1.7471412301303526,PBE0-D3(BJ),def2-SVP,PySCF
M10_C014,M10,BDT,S_heteroaromatic,18,-32103.72458235124,4.407724534610083,1.591288689921968,PBE0-D3(BJ),def2-SVP,PySCF
M10_C015,M10,BDT,S_heteroaromatic,18,-32104.029871317707,4.276234124620633,1.4570432948910326,PBE0-D3(BJ),def2-SVP,PySCF
M10_C016,M10,BDT,S_heteroaromatic,18,-32103.50340896113,5.196364003233995,1.6362583757172422,PBE0-D3(BJ),def2-SVP,PySCF
M10_C017,M10,BDT,S_heteroaromatic,18,-32103.55567001718,5.108592624222167,1.8473478518262956,PBE0-D3(BJ),def2-SVP,PySCF
M10_C018,M10,BDT,S_heteroaromatic,18,-32104.017599558407,3.511098033665664,1.2861408992404952,PBE0-D3(BJ),def2-SVP,PySCF
M10_C019,M10,BDT,S_heteroaromatic,18,-32103.81472121015,4.681645389214305,1.5416089484973061,PBE0-D3(BJ),def2-SVP,PySCF
M10_C020,M10,BDT,S_heteroaromatic,18,-32103.49082497888,4.2229044221960335,1.4942177292823737,PBE0-D3(BJ),def2-SVP,PySCF
M10_C021,M10,BDT,S_heteroaromatic,18,-32101.907669863293,8.496817621385016,3.03000835423199,PBE0-D3(BJ),def2-SVP,PySCF
M10_C022,M10,BDT,S_heteroaromatic,18,-32103.268412554964,7.183937630805435,1.9622392900296413,PBE0-D3(BJ),def2-SVP,PySCF
M10_C023,M10,BDT,S_heteroaromatic,18,-32102.472810900366,7.152827052268409,2.713596038187489,PBE0-D3(BJ),def2-SVP,PySCF
M10_C024,M10,BDT,S_heteroaromatic,18,-32103.929665148506,6.21281058055499,1.5489572088901673,PBE0-D3(BJ),def2-SVP,PySCF
M11_C001,M11,benzobithiophene,S_heteroaromatic,28,-38381.17603552187,1.3700061715495757,0.46165531097702067,PBE0-D3(BJ),def2-SVP,PySCF
M11_C002,M11,benzobithiophene,S_heteroaromatic,28,-38381.11021563985,1.4215551925148429,0.4641081436348929,PBE0-D3(BJ),def2-SVP,PySCF
M11_C003,M11,benzobithiophene,S_heteroaromatic,28,-38379.77667125593,3.3935201692240953,1.1003733825737692,PBE0-D3(BJ),def2-SVP,PySCF
M11_C004,M11,benzobithiophene,S_heteroaromatic,28,-38379.7348823919,7.091189358369084,1.6035800858752784,PBE0-D3(BJ),def2-SVP,PySCF
M11_C005,M11,benzobithiophene,S_heteroaromatic,28,-38379.99489110861,3.1034604203355514,1.093990478527341,PBE0-D3(BJ),def2-SVP,PySCF
M11_C006,M11,benzobithiophene,S_heteroaromatic,28,-38379.708909136956,3.663182872122565,1.2970304612352923,PBE0-D3(BJ),def2-SVP,PySCF
M11_C007,M11,benzobithiophene,S_heteroaromatic,28,-38380.023349661846,4.6549285963678875,1.3522182964247642,PBE0-D3(BJ),def2-SVP,PySCF
M11_C008,M11,benzobithiophene,S_heteroaromatic,28,-38379.41171970904,4.3418807489698725,1.34357945844751,PBE0-D3(BJ),def2-SVP,PySCF
M11_C009,M11,benzobithiophene,S_heteroaromatic,28,-38378.73042302519,7.025553961614449,1.9010850582262144,PBE0-D3(BJ),def2-SVP,PySCF
M11_C010,M11,benzobithiophene,S_heteroaromatic,28,-38378.83355985441,5.878043611407898,1.640735858697725,PBE0-D3(BJ),def2-SVP,PySCF
M11_C011,M11,benzobithiophene,S_heteroaromatic,28,-38379.225875272816,8.100145645621117,1.6810015714942967,PBE0-D3(BJ),def2-SVP,PySCF
M11_C012,M11,benzobithiophene,S_heteroaromatic,28,-38379.83629801158,4.154898098402716,1.2204140352772492,PBE0-D3(BJ),def2-SVP,PySCF
M11_C013,M11,benzobithiophene,S_heteroaromatic,28,-38379.38498594636,6.002851569396808,1.5632949041660664,PBE0-D3(BJ),def2-SVP,PySCF
M11_C014,M11,benzobithiophene,S_heteroaromatic,28,-38379.50500287454,4.8233388998120175,1.4051893875239332,PBE0-D3(BJ),def2-SVP,PySCF
M11_C015,M11,benzobithiophene,S_heteroaromatic,28,-38379.46046564888,5.856301915638795,1.5294790611900442,PBE0-D3(BJ),def2-SVP,PySCF
M11_C016,M11,benzobithiophene,S_heteroaromatic,28,-38378.537633201246,5.8709088787281205,1.6950682686899998,PBE0-D3(BJ),def2-SVP,PySCF
M11_C017,M11,benzobithiophene,S_heteroaromatic,28,-38379.920089559695,4.131963821366559,1.2482879502067141,PBE0-D3(BJ),def2-SVP,PySCF
M11_C018,M11,benzobithiophene,S_heteroaromatic,28,-38379.4960379621,4.469690132676527,1.3573968523485131,PBE0-D3(BJ),def2-SVP,PySCF
M11_C019,M11,benzobithiophene,S_heteroaromatic,28,-38379.6689000854,5.325438835564094,1.3791607787079485,PBE0-D3(BJ),def2-SVP,PySCF
M11_C020,M11,benzobithiophene,S_heteroaromatic,28,-38380.023606473806,3.7966108950289987,1.171522088985097,PBE0-D3(BJ),def2-SVP,PySCF
M11_C021,M11,benzobithiophene,S_heteroaromatic,28,-38380.10710577274,4.66362873838974,1.1056141502182109,PBE0-D3(BJ),def2-SVP,PySCF
M11_C022,M11,benzobithiophene,S_heteroaromatic,28,-38379.464230789104,6.031703783316279,1.4208236291984837,PBE0-D3(BJ),def2-SVP,PySCF
M11_C023,M11,benzobithiophene,S_heteroaromatic,28,-38379.60174060087,4.224449391269835,1.3613469060336238,PBE0-D3(BJ),def2-SVP,PySCF
M11_C024,M11,benzobithiophene,S_heteroaromatic,28,-38380.178225889416,3.251076005076782,1.1164860013309024,PBE0-D3(BJ),def2-SVP,PySCF
M12_C001,M12,terthiophene,S_heteroaromatic,23,-45035.16910938429,2.3599355504771595,0.569053421068088,PBE0-D3(BJ),def2-SVP,PySCF
M12_C002,M12,terthiophene,S_heteroaromatic,23,-45035.1291754665,3.3940996263560304,0.5755749983979027,PBE0-D3(BJ),def2-SVP,PySCF
M12_C003,M12,terthiophene,S_heteroaromatic,23,-45035.13001189898,2.493325033941583,0.5638879622642153,PBE0-D3(BJ),def2-SVP,PySCF
M12_C004,M12,terthiophene,S_heteroaromatic,23,-45034.05013075532,4.708677225851388,1.1842029778144039,PBE0-D3(BJ),def2-SVP,PySCF
M12_C005,M12,terthiophene,S_heteroaromatic,23,-45033.96121606209,3.9283285701927726,1.5325196283752152,PBE0-D3(BJ),def2-SVP,PySCF
M12_C006,M12,terthiophene,S_heteroaromatic,23,-45034.33793469717,4.205764305783239,1.080378622100372,PBE0-D3(BJ),def2-SVP,PySCF
M12_C007,M12,terthiophene,S_heteroaromatic,23,-45033.7917511768,6.732506489699754,1.519925012665234,PBE0-D3(BJ),def2-SVP,PySCF
M12_C008,M12,terthiophene,S_heteroaromatic,23,-45034.43759192387,3.6995854300773567,1.1179217032809872,PBE0-D3(BJ),def2-SVP,PySCF
M12_C009,M12,terthiophene,S_heteroaromatic,23,-45034.01447633992,4.675325665273683,1.385991064869047,PBE0-D3(BJ),def2-SVP,PySCF
M12_C010,M12,terthiophene,S_heteroaromatic,23,-45034.505636078626,4.6515521661138335,1.166948208469696,PBE0-D3(BJ),def2-SVP,PySCF
M12_C011,M12,terthiophene,S_heteroaromatic,23,-45034.69933243214,2.7700718742668626,0.9578990848723906,PBE0-D3(BJ),def2-SVP,PySCF
M12_C012,M12,terthiophene,S_heteroaromatic,23,-45034.57150532692,2.0470236185572293,0.8655157739628389,PBE0-D3(BJ),def2-SVP,PySCF
M12_C013,M12,terthiophene,S_heteroaromatic,23,-45034.60906082212,2.6904481733318684,0.788867233710157,PBE0-D3(BJ),def2-SVP,PySCF
M12_C014,M12,terthiophene,S_heteroaromatic,23,-45034.21060532775,3.223789773269939,1.093436340761469,PBE0-D3(BJ),def2-SVP,PySCF
M12_C015,M12,terthiophene,S_heteroaromatic,23,-45034.35103988671,3.664997223208897,1.065899333385313,PBE0-D3(BJ),def2-SVP,PySCF
M12_C016,M12,terthiophene,S_heteroaromatic,23,-45033.92636889777,4.068590419970599,1.3547583572865343,PBE0-D3(BJ),def2-SVP,PySCF
M12_C017,M12,terthiophene,S_heteroaromatic,23,-45034.169612185295,4.984250129622091,1.1296634017995586,PBE0-D3(BJ),def2-SVP,PySCF
M12_C018,M12,terthiophene,S_heteroaromatic,23,-45033.96302595415,4.950759214704174,1.3489030470256147,PBE0-D3(BJ),def2-SVP,PySCF
M12_C019,M12,terthiophene,S_heteroaromatic,23,-45034.176834401595,2.913651626801291,1.0753992474091327,PBE0-D3(BJ),def2-SVP,PySCF
M12_C020,M12,terthiophene,S_heteroaromatic,23,-45034.24713698067,4.864848361299267,1.1292114488777079,PBE0-D3(BJ),def2-SVP,PySCF
M12_C021,M12,terthiophene,S_heteroaromatic,23,-45033.863701369366,4.623739528033628,1.2974869634411945,PBE0-D3(BJ),def2-SVP,PySCF
M12_C022,M12,terthiophene,S_heteroaromatic,23,-45033.75919059817,4.2092742704916555,1.394741123423436,PBE0-D3(BJ),def2-SVP,PySCF
M12_C023,M12,terthiophene,S_heteroaromatic,23,-45034.02761153633,3.0463355503428207,1.2181129195789462,PBE0-D3(BJ),def2-SVP,PySCF
M12_C024,M12,terthiophene,S_heteroaromatic,23,-45033.700311295615,5.961901460950296,1.6844572697847116,PBE0-D3(BJ),def2-SVP,PySCF
M13_C001,M13,4_nitroaniline,donor_acceptor,16,-13366.815204292023,1.8475284054195789,0.5813026930220742,PBE0-D3(BJ),def2-SVP,PySCF
M13_C002,M13,4_nitroaniline,donor_acceptor,16,-13365.414470512504,5.033340163723586,1.8147140650977909,PBE0-D3(BJ),def2-SVP,PySCF
M13_C003,M13,4_nitroaniline,donor_acceptor,16,-13365.660741273825,4.003329119373799,1.6297671913017875,PBE0-D3(BJ),def2-SVP,PySCF
M13_C004,M13,4_nitroaniline,donor_acceptor,16,-13366.038218109326,3.85655900210313,1.419200016142956,PBE0-D3(BJ),def2-SVP,PySCF
M13_C005,M13,4_nitroaniline,donor_acceptor,16,-13366.354076888843,2.677751924700886,0.9885877915070322,PBE0-D3(BJ),def2-SVP,PySCF
M13_C006,M13,4_nitroaniline,donor_acceptor,16,-13365.487670046703,7.6715781466436885,1.9539312845680177,PBE0-D3(BJ),def2-SVP,PySCF
M13_C007,M13,4_nitroaniline,donor_acceptor,16,-13365.68669090797,4.026133793858712,1.6190502148030539,PBE0-D3(BJ),def2-SVP,PySCF
M13_C008,M13,4_nitroaniline,donor_acceptor,16,-13365.98408608845,3.5029176325325198,1.3817499490935174,PBE0-D3(BJ),def2-SVP,PySCF
M13_C009,M13,4_nitroaniline,donor_acceptor,16,-13365.94803805137,3.968583452520799,1.4369487809535275,PBE0-D3(BJ),def2-SVP,PySCF
M13_C010,M13,4_nitroaniline,donor_acceptor,16,-13365.92526514793,3.8204431559443934,1.4268587217820383,PBE0-D3(BJ),def2-SVP,PySCF
M13_C011,M13,4_nitroaniline,donor_acceptor,16,-13366.166488932995,4.017724966808965,1.3295395846413274,PBE0-D3(BJ),def2-SVP,PySCF
M13_C012,M13,4_nitroaniline,donor_acceptor,16,-13365.831530502257,4.6365105632598445,1.530938191892554,PBE0-D3(BJ),def2-SVP,PySCF
M13_C013,M13,4_nitroaniline,donor_acceptor,16,-13365.846275699356,4.315491285175118,1.458336885689269,PBE0-D3(BJ),def2-SVP,PySCF
M13_C014,M13,4_nitroaniline,donor_acceptor,16,-13365.702193836652,3.641501905796584,1.5545798331385832,PBE0-D3(BJ),def2-SVP,PySCF
M13_C015,M13,4_nitroaniline,donor_acceptor,16,-13365.930600726466,4.079568464918784,1.4952635426665413,PBE0-D3(BJ),def2-SVP,PySCF
M13_C016,M13,4_nitroaniline,donor_acceptor,16,-13365.806999594395,3.852792242177594,1.3918438846628773,PBE0-D3(BJ),def2-SVP,PySCF
M13_C017,M13,4_nitroaniline,donor_acceptor,16,-13365.145346542573,8.308614676366949,2.4881568946087804,PBE0-D3(BJ),def2-SVP,PySCF
M13_C018,M13,4_nitroaniline,donor_acceptor,16,-13365.21877669005,8.472202658676181,2.0837524144257698,PBE0-D3(BJ),def2-SVP,PySCF
M13_C019,M13,4_nitroaniline,donor_acceptor,16,-13364.534884118068,7.508284882735166,2.7825031934520075,PBE0-D3(BJ),def2-SVP,PySCF
M13_C020,M13,4_nitroaniline,donor_acceptor,16,-13366.055400661033,3.8942551219516863,1.2784401750757637,PBE0-D3(BJ),def2-SVP,PySCF
M13_C021,M13,4_nitroaniline,donor_acceptor,16,-13365.830271306577,3.4125452655709787,1.4353434507997718,PBE0-D3(BJ),def2-SVP,PySCF
M13_C022,M13,4_nitroaniline,donor_acceptor,16,-13365.304034989404,6.374731983875075,2.0035774225834078,PBE0-D3(BJ),def2-SVP,PySCF
M13_C023,M13,4_nitroaniline,donor_acceptor,16,-13365.689868077667,4.6912490848274695,1.7993678585933228,PBE0-D3(BJ),def2-SVP,PySCF
M13_C024,M13,4_nitroaniline,donor_acceptor,16,-13366.103685611888,3.563115062177847,1.3908480568433537,PBE0-D3(BJ),def2-SVP,PySCF
M14_C001,M14,4_dimethylaminobenzonitrile,donor_acceptor,21,-12452.107407115462,1.2137491615236609,0.3531733555275424,PBE0-D3(BJ),def2-SVP,PySCF
M14_C002,M14,4_dimethylaminobenzonitrile,donor_acceptor,21,-12450.65799084887,8.327251364889802,1.9457740094384561,PBE0-D3(BJ),def2-SVP,PySCF
M14_C003,M14,4_dimethylaminobenzonitrile,donor_acceptor,21,-12450.804028264838,4.859340473002399,1.539750207518731,PBE0-D3(BJ),def2-SVP,PySCF
M14_C004,M14,4_dimethylaminobenzonitrile,donor_acceptor,21,-12451.080634175922,3.0606773927271744,1.0873102886110837,PBE0-D3(BJ),def2-SVP,PySCF
M14_C005,M14,4_dimethylaminobenzonitrile,donor_acceptor,21,-12451.343409892519,3.050995280460875,1.100042754229946,PBE0-D3(BJ),def2-SVP,PySCF
M14_C006,M14,4_dimethylaminobenzonitrile,donor_acceptor,21,-12451.596566910002,3.386204818654001,0.8705476740119201,PBE0-D3(BJ),def2-SVP,PySCF
M14_C007,M14,4_dimethylaminobenzonitrile,donor_acceptor,21,-12450.309878733304,5.367966031739901,1.7961631921550605,PBE0-D3(BJ),def2-SVP,PySCF
M14_C008,M14,4_dimethylaminobenzonitrile,donor_acceptor,21,-12451.13129941405,2.7482912767080654,1.0499526398571535,PBE0-D3(BJ),def2-SVP,PySCF
M14_C009,M14,4_dimethylaminobenzonitrile,donor_acceptor,21,-12451.37821836781,2.772562677116795,0.964029687100318,PBE0-D3(BJ),def2-SVP,PySCF
M14_C010,M14,4_dimethylaminobenzonitrile,donor_acceptor,21,-12450.580306474027,4.073645137828064,1.6698452856840855,PBE0-D3(BJ),def2-SVP,PySCF
M14_C011,M14,4_dimethylaminobenzonitrile,donor_acceptor,21,-12451.02655244039,4.13841558687531,1.2592359854438386,PBE0-D3(BJ),def2-SVP,PySCF
M14_C012,M14,4_dimethylaminobenzonitrile,donor_acceptor,21,-12451.592998699556,1.9700214821169995,0.8821041143741616,PBE0-D3(BJ),def2-SVP,PySCF
M14_C013,M14,4_dimethylaminobenzonitrile,donor_acceptor,21,-12450.885502175903,3.757550725614641,1.3472929386720152,PBE0-D3(BJ),def2-SVP,PySCF
M14_C014,M14,4_dimethylaminobenzonitrile,donor_acceptor,21,-12450.97437266007,3.587940419568141,1.1694636715408306,PBE0-D3(BJ),def2-SVP,PySCF
M14_C015,M14,4_dimethylaminobenzonitrile,donor_acceptor,21,-12451.101905308124,4.424359227636625,1.2530009250862764,PBE0-D3(BJ),def2-SVP,PySCF
M14_C016,M14,4_dimethylaminobenzonitrile,donor_acceptor,21,-12451.102779153016,2.5038658570281487,0.9730636411770797,PBE0-D3(BJ),def2-SVP,PySCF
M14_C017,M14,4_dimethylaminobenzonitrile,donor_acceptor,21,-12451.307539683212,2.550684366689339,0.9267176833625018,PBE0-D3(BJ),def2-SVP,PySCF
M14_C018,M14,4_dimethylaminobenzonitrile,donor_acceptor,21,-12450.908411530258,3.1835127760946857,1.1743287854119635,PBE0-D3(BJ),def2-SVP,PySCF
M14_C019,M14,4_dimethylaminobenzonitrile,donor_acceptor,21,-12451.50161606729,3.122207514936526,1.0678178408583856,PBE0-D3(BJ),def2-SVP,PySCF
M14_C020,M14,4_dimethylaminobenzonitrile,donor_acceptor,21,-12451.241609103683,3.451201807534767,1.2569036590805802,PBE0-D3(BJ),def2-SVP,PySCF
M14_C021,M14,4_dimethylaminobenzonitrile,donor_acceptor,21,-12450.983900354793,3.541756733568575,1.3010758675338696,PBE0-D3(BJ),def2-SVP,PySCF
M14_C022,M14,4_dimethylaminobenzonitrile,donor_acceptor,21,-12451.480425695627,2.429620831511991,0.9188247834039784,PBE0-D3(BJ),def2-SVP,PySCF
M14_C023,M14,4_dimethylaminobenzonitrile,donor_acceptor,21,-12450.257606981913,5.868514622512517,2.128636437089907,PBE0-D3(BJ),def2-SVP,PySCF
M14_C024,M14,4_dimethylaminobenzonitrile,donor_acceptor,21,-12451.37156096125,2.8192350801716786,1.0810888337601208,PBE0-D3(BJ),def2-SVP,PySCF
M15_C001,M15,4_nitrostyrene,donor_acceptor,18,-13965.17583822192,1.6017010906244817,0.5156081573367903,PBE0-D3(BJ),def2-SVP,PySCF
M15_C002,M15,4_nitrostyrene,donor_acceptor,18,-13963.831494016235,4.4520645758492945,1.595132714106754,PBE0-D3(BJ),def2-SVP,PySCF
M15_C003,M15,4_nitrostyrene,donor_acceptor,18,-13963.882920124219,4.67701725825913,1.4274611652155442,PBE0-D3(BJ),def2-SVP,PySCF
M15_C004,M15,4_nitrostyrene,donor_acceptor,18,-13964.422254361363,2.999793329707159,1.097497341177687,PBE0-D3(BJ),def2-SVP,PySCF
M15_C005,M15,4_nitrostyrene,donor_acceptor,18,-13963.111314188383,6.555542163674419,2.403120941240224,PBE0-D3(BJ),def2-SVP,PySCF
M15_C006,M15,4_nitrostyrene,donor_acceptor,18,-13964.510264565824,3.038195892692398,1.0587219066168305,PBE0-D3(BJ),def2-SVP,PySCF
M15_C007,M15,4_nitrostyrene,donor_acceptor,18,-13964.129226398978,3.332170028029064,1.5734319600515667,PBE0-D3(BJ),def2-SVP,PySCF
M15_C008,M15,4_nitrostyrene,donor_acceptor,18,-13963.75993225173,5.025685938054279,1.782855581449168,PBE0-D3(BJ),def2-SVP,PySCF
M15_C009,M15,4_nitrostyrene,donor_acceptor,18,-13964.216473429473,4.395802754764958,1.4894114536196605,PBE0-D3(BJ),def2-SVP,PySCF
M15_C010,M15,4_nitrostyrene,donor_acceptor,18,-13964.136633919916,3.7041936503478623,1.325896126970859,PBE0-D3(BJ),def2-SVP,PySCF
M15_C011,M15,4_nitrostyrene,donor_acceptor,18,-13963.61696587073,4.886249236237429,1.8514462343990088,PBE0-D3(BJ),def2-SVP,PySCF
M15_C012,M15,4_nitrostyrene,donor_acceptor,18,-13964.396959077068,3.4929552112717475,1.3237951512504678,PBE0-D3(BJ),def2-SVP,PySCF
M15_C013,M15,4_nitrostyrene,donor_acceptor,18,-13964.644777882691,2.335022036546463,0.9921940301436927,PBE0-D3(BJ),def2-SVP,PySCF
M15_C014,M15,4_nitrostyrene,donor_acceptor,18,-13964.429636709468,3.1257484540973834,1.2164041610940974,PBE0-D3(BJ),def2-SVP,PySCF
M15_C015,M15,4_nitrostyrene,donor_acceptor,18,-13963.658153969127,3.9843445626090706,1.7754958534036995,PBE0-D3(BJ),def2-SVP,PySCF
M15_C016,M15,4_nitrostyrene,donor_acceptor,18,-13964.164818302466,3.337056843065485,1.194086189810016,PBE0-D3(BJ),def2-SVP,PySCF
M15_C017,M15,4_nitrostyrene,donor_acceptor,18,-13964.21219591624,3.2831980632891926,1.360607034172926,PBE0-D3(BJ),def2-SVP,PySCF
M15_C018,M15,4_nitrostyrene,donor_acceptor,18,-13963.980907670852,6.111841649611849,1.7649696536606523,PBE0-D3(BJ),def2-SVP,PySCF
M15_C019,M15,4_nitrostyrene,donor_acceptor,18,-13963.800861127493,4.165595762355269,1.5784642447220731,PBE0-D3(BJ),def2-SVP,PySCF
M15_C020,M15,4_nitrostyrene,donor_acceptor,18,-13963.666727501417,5.632602220192141,1.6299982960207324,PBE0-D3(BJ),def2-SVP,PySCF
M15_C021,M15,4_nitrostyrene,donor_acceptor,18,-13964.163734628872,7.350436450273196,1.7241396676179073,PBE0-D3(BJ),def2-SVP,PySCF
M15_C022,M15,4_nitrostyrene,donor_acceptor,18,-13964.003298685784,3.75239016400837,1.4213837589097973,PBE0-D3(BJ),def2-SVP,PySCF
M15_C023,M15,4_nitrostyrene,donor_acceptor,18,-13964.044953754066,3.247199193486381,1.4065187591718271,PBE0-D3(BJ),def2-SVP,PySCF
M15_C024,M15,4_nitrostyrene,donor_acceptor,18,-13964.14237468846,4.077000163729187,1.4682566791782783,PBE0-D3(BJ),def2-SVP,PySCF
M16_C001,M16,2_4_nitrophenyl_thiophene,donor_acceptor,21,-26864.11668233035,1.7238872005403993,0.4871976784964528,PBE0-D3(BJ),def2-SVP,PySCF
M16_C002,M16,2_4_nitrophenyl_thiophene,donor_acceptor,21,-26862.75516260159,4.086876088046511,1.510288844022567,PBE0-D3(BJ),def2-SVP,PySCF
M16_C003,M16,2_4_nitrophenyl_thiophene,donor_acceptor,21,-26862.09297080792,4.366406281042657,1.553211572466254,PBE0-D3(BJ),def2-SVP,PySCF
M16_C004,M16,2_4_nitrophenyl_thiophene,donor_acceptor,21,-26863.18721889836,3.800335704226281,1.2217777166022246,PBE0-D3(BJ),def2-SVP,PySCF
M16_C005,M16,2_4_nitrophenyl_thiophene,donor_acceptor,21,-26863.337830349108,3.6759641635968108,1.3382815750830586,PBE0-D3(BJ),def2-SVP,PySCF
M16_C006,M16,2_4_nitrophenyl_thiophene,donor_acceptor,21,-26862.870507661453,6.588969881630987,1.6814899821095843,PBE0-D3(BJ),def2-SVP,PySCF
M16_C007,M16,2_4_nitrophenyl_thiophene,donor_acceptor,21,-26863.46334351349,2.617720226484503,1.0186909378312512,PBE0-D3(BJ),def2-SVP,PySCF
M16_C008,M16,2_4_nitrophenyl_thiophene,donor_acceptor,21,-26862.99056980929,2.9275720790091864,1.2388315340191836,PBE0-D3(BJ),def2-SVP,PySCF
M16_C009,M16,2_4_nitrophenyl_thiophene,donor_acceptor,21,-26862.881906252776,5.231654827463821,1.6883380276150157,PBE0-D3(BJ),def2-SVP,PySCF
M16_C010,M16,2_4_nitrophenyl_thiophene,donor_acceptor,21,-26863.291246691482,4.012898975417934,1.1461987504087199,PBE0-D3(BJ),def2-SVP,PySCF
M16_C011,M16,2_4_nitrophenyl_thiophene,donor_acceptor,21,-26863.061900897537,4.739996399191862,1.2481290476642624,PBE0-D3(BJ),def2-SVP,PySCF
M16_C012,M16,2_4_nitrophenyl_thiophene,donor_acceptor,21,-26862.898504644025,5.354286572699262,1.7168987730321084,PBE0-D3(BJ),def2-SVP,PySCF
M16_C013,M16,2_4_nitrophenyl_thiophene,donor_acceptor,21,-26862.665055277535,5.501234033977858,1.5830390444459297,PBE0-D3(BJ),def2-SVP,PySCF
M16_C014,M16,2_4_nitrophenyl_thiophene,donor_acceptor,21,-26862.88581921401,4.51246832475247,1.444034895977717,PBE0-D3(BJ),def2-SVP,PySCF
M16_C015,M16,2_4_nitrophenyl_thiophene,donor_acceptor,21,-26862.883323056492,3.5633756068710203,1.343095405618531,PBE0-D3(BJ),def2-SVP,PySCF
M16_C016,M16,2_4_nitrophenyl_thiophene,donor_acceptor,21,-26862.539615020778,5.027315167240187,1.5745209435186578,PBE0-D3(BJ),def2-SVP,PySCF
M16_C017,M16,2_4_nitrophenyl_thiophene,donor_acceptor,21,-26863.32325975208,4.529181387354789,1.2024007166727118,PBE0-D3(BJ),def2-SVP,PySCF
M16_C018,M16,2_4_nitrophenyl_thiophene,donor_acceptor,21,-26862.823748096453,3.3997387326641375,1.33231087849557,PBE0-D3(BJ),def2-SVP,PySCF
M16_C019,M16,2_4_nitrophenyl_thiophene,donor_acceptor,21,-26862.563029377572,4.264409290372484,1.6298797111465184,PBE0-D3(BJ),def2-SVP,PySCF
M16_C020,M16,2_4_nitrophenyl_thiophene,donor_acceptor,21,-26862.837058081845,3.6415010094572398,1.365650030775007,PBE0-D3(BJ),def2-SVP,PySCF
M16_C021,M16,2_4_nitrophenyl_thiophene,donor_acceptor,21,-26862.829805210018,5.54663028213921,1.6732495639692193,PBE0-D3(BJ),def2-SVP,PySCF
M16_C022,M16,2_4_nitrophenyl_thiophene,donor_acceptor,21,-26862.951468481242,2.87741246841796,1.1138000753875283,PBE0-D3(BJ),def2-SVP,PySCF
M16_C023,M16,2_4_nitrophenyl_thiophene,donor_acceptor,21,-26862.926176416837,3.49287088982338,1.3923802954882085,PBE0-D3(BJ),def2-SVP,PySCF
M16_C024,M16,2_4_nitrophenyl_thiophene,donor_acceptor,21,-26863.319335278695,4.661091925369489,1.2734376484608338,PBE0-D3(BJ),def2-SVP,PySCF
M17_C001,M17,fluorobenzene,fluorinated,12,-9003.771937046016,0.4638939805464076,0.15682818360612408,PBE0-D3(BJ),def2-SVP,PySCF
M17_C002,M17,fluorobenzene,fluorinated,12,-9003.004185865917,3.6586541387474503,1.4271455596755422,PBE0-D3(BJ),def2-SVP,PySCF
M17_C003,M17,fluorobenzene,fluorinated,12,-9002.749639487578,4.983798325754046,1.7479561335711378,PBE0-D3(BJ),def2-SVP,PySCF
M17_C004,M17,fluorobenzene,fluorinated,12,-9002.851426369385,3.657062522879372,1.4517181989591859,PBE0-D3(BJ),def2-SVP,PySCF
M17_C005,M17,fluorobenzene,fluorinated,12,-9002.217893168752,4.966286597187902,1.9418767409271047,PBE0-D3(BJ),def2-SVP,PySCF
M17_C006,M17,fluorobenzene,fluorinated,12,-9002.417354977531,5.3632853855007125,1.9260471083535755,PBE0-D3(BJ),def2-SVP,PySCF
M17_C007,M17,fluorobenzene,fluorinated,12,-9002.11684970678,8.671044596702997,2.3591696605960637,PBE0-D3(BJ),def2-SVP,PySCF
M17_C008,M17,fluorobenzene,fluorinated,12,-9002.90388002281,4.851150217949878,1.2258944812961134,PBE0-D3(BJ),def2-SVP,PySCF
M17_C009,M17,fluorobenzene,fluorinated,12,-9002.794812443914,5.3044559796577255,1.5068691849878997,PBE0-D3(BJ),def2-SVP,PySCF
M17_C010,M17,fluorobenzene,fluorinated,12,-9001.91104246939,9.229646957932509,2.789227310059237,PBE0-D3(BJ),def2-SVP,PySCF
M17_C011,M17,fluorobenzene,fluorinated,12,-9002.898036056231,5.08405842477189,1.467895892310494,PBE0-D3(BJ),def2-SVP,PySCF
M17_C012,M17,fluorobenzene,fluorinated,12,-9002.960556195541,4.737437974196144,1.4715690442508076,PBE0-D3(BJ),def2-SVP,PySCF
M17_C013,M17,fluorobenzene,fluorinated,12,-9002.29896304672,8.633775643595534,2.3677056553532068,PBE0-D3(BJ),def2-SVP,PySCF
M17_C014,M17,fluorobenzene,fluorinated,12,-9002.74096561822,6.110039541518765,1.814510066544255,PBE0-D3(BJ),def2-SVP,PySCF
M17_C015,M17,fluorobenzene,fluorinated,12,-9002.728036735665,4.68497139709829,1.6035861302273122,PBE0-D3(BJ),def2-SVP,PySCF
M17_C016,M17,fluorobenzene,fluorinated,12,-9002.644042215246,5.53141711602488,1.5347902523202432,PBE0-D3(BJ),def2-SVP,PySCF
M17_C017,M17,fluorobenzene,fluorinated,12,-9002.187078032286,6.557915367859382,2.3875028576315387,PBE0-D3(BJ),def2-SVP,PySCF
M17_C018,M17,fluorobenzene,fluorinated,12,-9002.521922902382,5.385034078372838,2.106130203223495,PBE0-D3(BJ),def2-SVP,PySCF
M17_C019,M17,fluorobenzene,fluorinated,12,-9002.900492802539,4.607870369165108,1.569948940425104,PBE0-D3(BJ),def2-SVP,PySCF
M17_C020,M17,fluorobenzene,fluorinated,12,-9003.165626968583,3.11369784086435,1.0226796071173445,PBE0-D3(BJ),def2-SVP,PySCF
M17_C021,M17,fluorobenzene,fluorinated,12,-9002.723011533682,4.419189558969057,1.5882451058659235,PBE0-D3(BJ),def2-SVP,PySCF
M17_C022,M17,fluorobenzene,fluorinated,12,-9003.008391177584,4.217604168229142,1.3951693935891198,PBE0-D3(BJ),def2-SVP,PySCF
M17_C023,M17,fluorobenzene,fluorinated,12,-9002.200655861796,7.5206248699610985,2.5067357311401217,PBE0-D3(BJ),def2-SVP,PySCF
M17_C024,M17,fluorobenzene,fluorinated,12,-9002.81765930886,4.793472693237292,1.8218549403691973,PBE0-D3(BJ),def2-SVP,PySCF
M18_C001,M18,1_4_difluorobenzene,fluorinated,12,-11699.585305832945,0.334253118678433,0.14761254247525993,PBE0-D3(BJ),def2-SVP,PySCF
M18_C002,M18,1_4_difluorobenzene,fluorinated,12,-11698.442669609556,6.724851235002223,2.1812310917121627,PBE0-D3(BJ),def2-SVP,PySCF
M18_C003,M18,1_4_difluorobenzene,fluorinated,12,-11698.40715793326,5.59134170393781,1.802150036185628,PBE0-D3(BJ),def2-SVP,PySCF
M18_C004,M18,1_4_difluorobenzene,fluorinated,12,-11698.725165481415,3.9279101338727807,1.4864843705364787,PBE0-D3(BJ),def2-SVP,PySCF
M18_C005,M18,1_4_difluorobenzene,fluorinated,12,-11698.43141885952,5.216760766463544,1.8253870658148363,PBE0-D3(BJ),def2-SVP,PySCF
M18_C006,M18,1_4_difluorobenzene,fluorinated,12,-11697.449823045603,9.851921914558678,3.194261181554225,PBE0-D3(BJ),def2-SVP,PySCF
M18_C007,M18,1_4_difluorobenzene,fluorinated,12,-11698.697971316926,4.820169044918606,1.5393437057325356,PBE0-D3(BJ),def2-SVP,PySCF
M18_C008,M18,1_4_difluorobenzene,fluorinated,12,-11698.517550708557,3.8200736059418676,1.5362381869838992,PBE0-D3(BJ),def2-SVP,PySCF
M18_C009,M18,1_4_difluorobenzene,fluorinated,12,-11698.444887426529,4.066729660278311,1.4937384065021808,PBE0-D3(BJ),def2-SVP,PySCF
M18_C010,M18,1_4_difluorobenzene,fluorinated,12,-11698.53521951455,4.602216002525206,1.7241042659266859,PBE0-D3(BJ),def2-SVP,PySCF
M18_C011,M18,1_4_difluorobenzene,fluorinated,12,-11698.70678200039,5.135629300828199,1.683300130040929,PBE0-D3(BJ),def2-SVP,PySCF
M18_C012,M18,1_4_difluorobenzene,fluorinated,12,-11698.554815013436,4.598619491622647,1.6184065865061474,PBE0-D3(BJ),def2-SVP,PySCF
M18_C013,M18,1_4_difluorobenzene,fluorinated,12,-11698.861345490815,3.0442821235510444,1.290289415103396,PBE0-D3(BJ),def2-SVP,PySCF
M18_C014,M18,1_4_difluorobenzene,fluorinated,12,-11698.885161035694,3.472598314943806,1.4676937305224984,PBE0-D3(BJ),def2-SVP,PySCF
M18_C015,M18,1_4_difluorobenzene,fluorinated,12,-11698.592012547355,3.0265135623372985,1.3024915629848686,PBE0-D3(BJ),def2-SVP,PySCF
M18_C016,M18,1_4_difluorobenzene,fluorinated,12,-11698.528658197654,4.112684072456022,1.444459668099293,PBE0-D3(BJ),def2-SVP,PySCF
M18_C017,M18,1_4_difluorobenzene,fluorinated,12,-11698.173649546166,10.107268108776926,2.43814182630638,PBE0-D3(BJ),def2-SVP,PySCF
M18_C018,M18,1_4_difluorobenzene,fluorinated,12,-11698.63803670437,3.313057132129322,1.4719254025015356,PBE0-D3(BJ),def2-SVP,PySCF
M18_C019,M18,1_4_difluorobenzene,fluorinated,12,-11698.761984066998,4.722278179641045,1.6294478264144916,PBE0-D3(BJ),def2-SVP,PySCF
M18_C020,M18,1_4_difluorobenzene,fluorinated,12,-11698.680149861544,3.8428875753656673,1.3541486924511785,PBE0-D3(BJ),def2-SVP,PySCF
M18_C021,M18,1_4_difluorobenzene,fluorinated,12,-11698.340584172767,5.552580342919044,1.8968653193573353,PBE0-D3(BJ),def2-SVP,PySCF
M18_C022,M18,1_4_difluorobenzene,fluorinated,12,-11698.465735559068,4.212558886869699,1.602296757794121,PBE0-D3(BJ),def2-SVP,PySCF
M18_C023,M18,1_4_difluorobenzene,fluorinated,12,-11698.793155589923,2.3040601832913206,1.0165524656836535,PBE0-D3(BJ),def2-SVP,PySCF
M18_C024,M18,1_4_difluorobenzene,fluorinated,12,-11698.437225277361,4.790900170395593,1.516472592909417,PBE0-D3(BJ),def2-SVP,PySCF
M19_C001,M19,2_fluorothiophene,fluorinated,9,-17728.555976054362,1.5300115669595156,0.5333114194092932,PBE0-D3(BJ),def2-SVP,PySCF
M19_C002,M19,2_fluorothiophene,fluorinated,9,-17727.581229476647,3.9392399289741094,1.609839241429136,PBE0-D3(BJ),def2-SVP,PySCF
M19_C003,M19,2_fluorothiophene,fluorinated,9,-17727.82976817978,4.742772500772817,1.7212120172251562,PBE0-D3(BJ),def2-SVP,PySCF
M19_C004,M19,2_fluorothiophene,fluorinated,9,-17727.44401786099,6.7925434281038335,2.4699826208399362,PBE0-D3(BJ),def2-SVP,PySCF
M19_C005,M19,2_fluorothiophene,fluorinated,9,-17728.02975822977,4.309571357968309,1.437602480921339,PBE0-D3(BJ),def2-SVP,PySCF
M19_C006,M19,2_fluorothiophene,fluorinated,9,-17727.98763922996,2.447937911036838,0.9709364320640477,PBE0-D3(BJ),def2-SVP,PySCF
M19_C007,M19,2_fluorothiophene,fluorinated,9,-17727.81260637416,3.7931281411525846,1.4112832749642001,PBE0-D3(BJ),def2-SVP,PySCF
M19_C008,M19,2_fluorothiophene,fluorinated,9,-17727.914114392705,4.505463047750281,1.6325661086650696,PBE0-D3(BJ),def2-SVP,PySCF
M19_C009,M19,2_fluorothiophene,fluorinated,9,-17727.851717445985,6.2333516725006355,1.8305613845536826,PBE0-D3(BJ),def2-SVP,PySCF
M19_C010,M19,2_fluorothiophene,fluorinated,9,-17727.405147171638,4.326981479033403,1.7658059531167791,PBE0-D3(BJ),def2-SVP,PySCF
M19_C011,M19,2_fluorothiophene,fluorinated,9,-17727.73046484929,3.5463326104166986,1.79986965054742,PBE0-D3(BJ),def2-SVP,PySCF
M19_C012,M19,2_fluorothiophene,fluorinated,9,-17727.57597745076,5.20218678771881,2.081141293158876,PBE0-D3(BJ),def2-SVP,PySCF
M19_C013,M19,2_fluorothiophene,fluorinated,9,-17727.937276757228,3.9132932440641794,1.2845972564623023,PBE0-D3(BJ),def2-SVP,PySCF
M19_C014,M19,2_fluorothiophene,fluorinated,9,-17727.45694663475,5.653488174345475,1.9825656641875322,PBE0-D3(BJ),def2-SVP,PySCF
M19_C015,M19,2_fluorothiophene,fluorinated,9,-17727.874258014053,4.9124144892775226,1.7141433944792066,PBE0-D3(BJ),def2-SVP,PySCF
M19_C016,M19,2_fluorothiophene,fluorinated,9,-17727.67614486283,7.4133099748356495,2.352880718866269,PBE0-D3(BJ),def2-SVP,PySCF
M19_C017,M19,2_fluorothiophene,fluorinated,9,-17727.83261786829,5.391180456790916,1.9151422072977944,PBE0-D3(BJ),def2-SVP,PySCF
M19_C018,M19,2_fluorothiophene,fluorinated,9,-17727.905702125492,4.610475190972698,1.6248468000086906,PBE0-D3(BJ),def2-SVP,PySCF
M19_C019,M19,2_fluorothiophene,fluorinated,9,-17727.41920417261,5.283718603239372,2.18579653524807,PBE0-D3(BJ),def2-SVP,PySCF
M19_C020,M19,2_fluorothiophene,fluorinated,9,-17727.68585018693,4.857466961257504,1.737675055238692,PBE0-D3(BJ),def2-SVP,PySCF
M19_C021,M19,2_fluorothiophene,fluorinated,9,-17727.93168813311,5.008984762926853,1.5689707512782265,PBE0-D3(BJ),def2-SVP,PySCF
M19_C022,M19,2_fluorothiophene,fluorinated,9,-17727.582660116757,6.346527753610708,2.368814648750774,PBE0-D3(BJ),def2-SVP,PySCF
M19_C023,M19,2_fluorothiophene,fluorinated,9,-17726.40542598726,10.562958473274003,4.008908422839461,PBE0-D3(BJ),def2-SVP,PySCF
M19_C024,M19,2_fluorothiophene,fluorinated,9,-17727.165343048502,7.247206410032988,2.714663966126059,PBE0-D3(BJ),def2-SVP,PySCF
M20_C001,M20,2_3_5_6_tetrafluoropyridine,fluorinated,11,-17526.317734105174,2.3950665661404287,0.8843291428777013,PBE0-D3(BJ),def2-SVP,PySCF
M20_C002,M20,2_3_5_6_tetrafluoropyridine,fluorinated,11,-17525.66725604502,5.470959587228485,1.763007332611497,PBE0-D3(BJ),def2-SVP,PySCF
M20_C003,M20,2_3_5_6_tetrafluoropyridine,fluorinated,11,-17525.63253813486,3.185640861911168,1.4934623090458798,PBE0-D3(BJ),def2-SVP,PySCF
M20_C004,M20,2_3_5_6_tetrafluoropyridine,fluorinated,11,-17525.511059262433,5.297877458785226,1.7360443896782032,PBE0-D3(BJ),def2-SVP,PySCF
M20_C005,M20,2_3_5_6_tetrafluoropyridine,fluorinated,11,-17525.666792550634,4.437120642408734,1.5949888159689465,PBE0-D3(BJ),def2-SVP,PySCF
M20_C006,M20,2_3_5_6_tetrafluoropyridine,fluorinated,11,-17525.050650078876,6.790338372828661,2.2612079893567527,PBE0-D3(BJ),def2-SVP,PySCF
M20_C007,M20,2_3_5_6_tetrafluoropyridine,fluorinated,11,-17525.641151833173,5.359693491704692,1.8660687663730708,PBE0-D3(BJ),def2-SVP,PySCF
M20_C008,M20,2_3_5_6_tetrafluoropyridine,fluorinated,11,-17525.63622921276,3.6607609109629227,1.3449720604173978,PBE0-D3(BJ),def2-SVP,PySCF
M20_C009,M20,2_3_5_6_tetrafluoropyridine,fluorinated,11,-17525.66543770452,4.952208030990491,1.8612814982507824,PBE0-D3(BJ),def2-SVP,PySCF
M20_C010,M20,2_3_5_6_tetrafluoropyridine,fluorinated,11,-17525.41671363593,3.377951815714759,1.5902304070806466,PBE0-D3(BJ),def2-SVP,PySCF
M20_C011,M20,2_3_5_6_tetrafluoropyridine,fluorinated,11,-17525.56001244504,4.223310268656801,1.7430705371195168,PBE0-D3(BJ),def2-SVP,PySCF
M20_C012,M20,2_3_5_6_tetrafluoropyridine,fluorinated,11,-17525.1691025451,3.75982870603281,1.6575145189353753,PBE0-D3(BJ),def2-SVP,PySCF
M20_C013,M20,2_3_5_6_tetrafluoropyridine,fluorinated,11,-17525.763260306216,4.799926963218324,1.6503710130558176,PBE0-D3(BJ),def2-SVP,PySCF
M20_C014,M20,2_3_5_6_tetrafluoropyridine,fluorinated,11,-17525.476157445733,6.01386546943504,1.7880179759096688,PBE0-D3(BJ),def2-SVP,PySCF
M20_C015,M20,2_3_5_6_tetrafluoropyridine,fluorinated,11,-17525.874732757606,3.37916305731712,1.290636796582304,PBE0-D3(BJ),def2-SVP,PySCF
M20_C016,M20,2_3_5_6_tetrafluoropyridine,fluorinated,11,-17524.69548277701,5.700230372412648,2.371959050452302,PBE0-D3(BJ),def2-SVP,PySCF
M20_C017,M20,2_3_5_6_tetrafluoropyridine,fluorinated,11,-17524.877347145237,4.933907237330225,1.9329578792307587,PBE0-D3(BJ),def2-SVP,PySCF
M20_C018,M20,2_3_5_6_tetrafluoropyridine,fluorinated,11,-17525.773236753703,4.112882049277447,1.3906095519241692,PBE0-D3(BJ),def2-SVP,PySCF
M20_C019,M20,2_3_5_6_tetrafluoropyridine,fluorinated,11,-17525.784750188428,2.9427756469134407,1.2983155969567968,PBE0-D3(BJ),def2-SVP,PySCF
M20_C020,M20,2_3_5_6_tetrafluoropyridine,fluorinated,11,-17525.24382694682,6.490886415045676,2.249915515332264,PBE0-D3(BJ),def2-SVP,PySCF
M20_C021,M20,2_3_5_6_tetrafluoropyridine,fluorinated,11,-17526.041983706193,1.6269373987806892,0.7669364799477915,PBE0-D3(BJ),def2-SVP,PySCF
M20_C022,M20,2_3_5_6_tetrafluoropyridine,fluorinated,11,-17524.733421201454,6.631873084135488,2.425319472478453,PBE0-D3(BJ),def2-SVP,PySCF
M20_C023,M20,2_3_5_6_tetrafluoropyridine,fluorinated,11,-17525.68011913386,4.8508513449484,1.551703195377705,PBE0-D3(BJ),def2-SVP,PySCF
M20_C024,M20,2_3_5_6_tetrafluoropyridine,fluorinated,11,-17525.921313380582,3.144589074229472,1.0890418646977442,PBE0-D3(BJ),def2-SVP,PySCF
M21_C001,M21,benzoquinone,redox_active,12,-10360.75698616727,0.8490387227667908,0.28699527148998777,PBE0-D3(BJ),def2-SVP,PySCF
M21_C002,M21,benzoquinone,redox_active,12,-10359.723144921669,5.17929947341208,1.926090166451456,PBE0-D3(BJ),def2-SVP,PySCF
M21_C003,M21,benzoquinone,redox_active,12,-10359.884773743172,4.235165127028105,1.71185264220646,PBE0-D3(BJ),def2-SVP,PySCF
M21_C004,M21,benzoquinone,redox_active,12,-10359.244842241655,6.407489020725162,2.312641883410623,PBE0-D3(BJ),def2-SVP,PySCF
M21_C005,M21,benzoquinone,redox_active,12,-10359.743147865169,5.623373538526903,1.9085141735006694,PBE0-D3(BJ),def2-SVP,PySCF
M21_C006,M21,benzoquinone,redox_active,12,-10359.571301610102,6.5661090373511914,2.3208162660940475,PBE0-D3(BJ),def2-SVP,PySCF
M21_C007,M21,benzoquinone,redox_active,12,-10359.953725475278,4.756100509347147,1.8261134927291998,PBE0-D3(BJ),def2-SVP,PySCF
M21_C008,M21,benzoquinone,redox_active,12,-10359.410967608439,5.120911228384758,1.8621832204205377,PBE0-D3(BJ),def2-SVP,PySCF
M21_C009,M21,benzoquinone,redox_active,12,-10359.389540212447,7.031021794776781,2.411419055007427,PBE0-D3(BJ),def2-SVP,PySCF
M21_C010,M21,benzoquinone,redox_active,12,-10359.83478882702,3.584063825830031,1.3934665061344826,PBE0-D3(BJ),def2-SVP,PySCF
M21_C011,M21,benzoquinone,redox_active,12,-10359.767145557751,5.533237351719091,1.6839018234531742,PBE0-D3(BJ),def2-SVP,PySCF
M21_C012,M21,benzoquinone,redox_active,12,-10359.404846576943,5.1533944255114665,2.3667409270091233,PBE0-D3(BJ),def2-SVP,PySCF
M21_C013,M21,benzoquinone,redox_active,12,-10359.33684994605,6.617985031072366,2.2735516965814164,PBE0-D3(BJ),def2-SVP,PySCF
M21_C014,M21,benzoquinone,redox_active,12,-10360.075754895735,4.578330343572997,1.3922459828071319,PBE0-D3(BJ),def2-SVP,PySCF
M21_C015,M21,benzoquinone,redox_active,12,-10359.848663528948,4.5376715388617725,1.5936533179268937,PBE0-D3(BJ),def2-SVP,PySCF
M21_C016,M21,benzoquinone,redox_active,12,-10359.925752443829,4.153562252282907,1.671160865596757,PBE0-D3(BJ),def2-SVP,PySCF
M21_C017,M21,benzoquinone,redox_active,12,-10359.770675144433,4.248747254511005,1.5028513389690012,PBE0-D3(BJ),def2-SVP,PySCF
M21_C018,M21,benzoquinone,redox_active,12,-10359.655078900674,4.956959716503064,1.8806110591901741,PBE0-D3(BJ),def2-SVP,PySCF
M21_C019,M21,benzoquinone,redox_active,12,-10359.779212994079,3.8715023531091854,1.582940070007973,PBE0-D3(BJ),def2-SVP,PySCF
M21_C020,M21,benzoquinone,redox_active,12,-10359.719338051435,5.945809780380538,1.8761600415862492,PBE0-D3(BJ),def2-SVP,PySCF
M21_C021,M21,benzoquinone,redox_active,12,-10359.989634771717,5.155704749228677,1.6507892015694654,PBE0-D3(BJ),def2-SVP,PySCF
M21_C022,M21,benzoquinone,redox_active,12,-10360.041724981234,2.918684578210272,1.317726664067653,PBE0-D3(BJ),def2-SVP,PySCF
M21_C023,M21,benzoquinone,redox_active,12,-10359.672726018745,5.52506777785954,1.8086539138997755,PBE0-D3(BJ),def2-SVP,PySCF
M21_C024,M21,benzoquinone,redox_active,12,-10359.752434630826,4.207337984892418,1.7395789998918219,PBE0-D3(BJ),def2-SVP,PySCF
M22_C001,M22,naphthoquinone,redox_active,18,-14534.680137130334,1.062356692478331,0.2986653221312263,PBE0-D3(BJ),def2-SVP,PySCF
M22_C002,M22,naphthoquinone,redox_active,18,-14533.356264391768,4.517666843290911,1.3928241592251032,PBE0-D3(BJ),def2-SVP,PySCF
M22_C003,M22,naphthoquinone,redox_active,18,-14532.841018566667,5.815742457217076,1.8850492038299826,PBE0-D3(BJ),def2-SVP,PySCF
M22_C004,M22,naphthoquinone,redox_active,18,-14532.83704455326,6.032194280594808,2.0483777877026026,PBE0-D3(BJ),def2-SVP,PySCF
M22_C005,M22,naphthoquinone,redox_active,18,-14533.131099018245,5.835526016544365,1.8354612044476328,PBE0-D3(BJ),def2-SVP,PySCF
M22_C006,M22,naphthoquinone,redox_active,18,-14533.646621496313,4.041028797045291,1.2850845601350676,PBE0-D3(BJ),def2-SVP,PySCF
M22_C007,M22,naphthoquinone,redox_active,18,-14533.135107408983,4.048644839748804,1.486945050442266,PBE0-D3(BJ),def2-SVP,PySCF
M22_C008,M22,naphthoquinone,redox_active,18,-14533.819580616357,4.014286696996289,1.2415118666115763,PBE0-D3(BJ),def2-SVP,PySCF
M22_C009,M22,naphthoquinone,redox_active,18,-14533.316920689338,4.486646902001362,1.4972047199097922,PBE0-D3(BJ),def2-SVP,PySCF
M22_C010,M22,naphthoquinone,redox_active,18,-14533.428562004417,4.399586437724124,1.4147218857337869,PBE0-D3(BJ),def2-SVP,PySCF
M22_C011,M22,naphthoquinone,redox_active,18,-14533.132962302918,6.121706415143132,1.862388275719501,PBE0-D3(BJ),def2-SVP,PySCF
M22_C012,M22,naphthoquinone,redox_active,18,-14533.536851791165,5.713987879670909,1.6033698448486593,PBE0-D3(BJ),def2-SVP,PySCF
M22_C013,M22,naphthoquinone,redox_active,18,-14533.506021804707,3.6067739094063453,1.3575264229191335,PBE0-D3(BJ),def2-SVP,PySCF
M22_C014,M22,naphthoquinone,redox_active,18,-14533.356841330615,5.008547951132909,1.6522362849461416,PBE0-D3(BJ),def2-SVP,PySCF
M22_C015,M22,naphthoquinone,redox_active,18,-14533.899428524679,4.047122511882065,1.172534360162203,PBE0-D3(BJ),def2-SVP,PySCF
M22_C016,M22,naphthoquinone,redox_active,18,-14532.676200032225,7.574338628777014,2.170498949614037,PBE0-D3(BJ),def2-SVP,PySCF
M22_C017,M22,naphthoquinone,redox_active,18,-14533.204075480318,5.116751205466006,1.6082132814104715,PBE0-D3(BJ),def2-SVP,PySCF
M22_C018,M22,naphthoquinone,redox_active,18,-14533.41206975487,4.323165335822823,1.4779064302050247,PBE0-D3(BJ),def2-SVP,PySCF
M22_C019,M22,naphthoquinone,redox_active,18,-14533.220993381552,4.265174587077964,1.7243941412804398,PBE0-D3(BJ),def2-SVP,PySCF
M22_C020,M22,naphthoquinone,redox_active,18,-14533.82667489014,3.1954324669628047,1.2200014452156005,PBE0-D3(BJ),def2-SVP,PySCF
M22_C021,M22,naphthoquinone,redox_active,18,-14533.60713070527,4.6633462411587985,1.5325697606510127,PBE0-D3(BJ),def2-SVP,PySCF
M22_C022,M22,naphthoquinone,redox_active,18,-14532.91972387462,6.318590639670337,2.088716185169335,PBE0-D3(BJ),def2-SVP,PySCF
M22_C023,M22,naphthoquinone,redox_active,18,-14533.490266682775,4.410451477034372,1.6718116646009498,PBE0-D3(BJ),def2-SVP,PySCF
M22_C024,M22,naphthoquinone,redox_active,18,-14533.493929685188,3.2561807285959703,1.1955851047692858,PBE0-D3(BJ),def2-SVP,PySCF
M23_C001,M23,hydroquinone,redox_active,14,-10394.564542543034,0.9916797634543678,0.3401249222527956,PBE0-D3(BJ),def2-SVP,PySCF
M23_C002,M23,hydroquinone,redox_active,14,-10393.763007903508,2.8064248079687193,1.3118686715038217,PBE0-D3(BJ),def2-SVP,PySCF
M23_C003,M23,hydroquinone,redox_active,14,-10393.575461076807,5.967502506119213,1.6422103422860113,PBE0-D3(BJ),def2-SVP,PySCF
M23_C004,M23,hydroquinone,redox_active,14,-10393.024332511477,6.569475543607018,2.2226849638157953,PBE0-D3(BJ),def2-SVP,PySCF
M23_C005,M23,hydroquinone,redox_active,14,-10393.532942151847,5.374713198099822,1.5544284730079898,PBE0-D3(BJ),def2-SVP,PySCF
M23_C006,M23,hydroquinone,redox_active,14,-10393.982561023717,2.136616189869729,1.049552874999503,PBE0-D3(BJ),def2-SVP,PySCF
M23_C007,M23,hydroquinone,redox_active,14,-10393.889076577256,2.9614191606614013,1.0969235502401997,PBE0-D3(BJ),def2-SVP,PySCF
M23_C008,M23,hydroquinone,redox_active,14,-10393.618848442236,4.0713462200702635,1.4102375774066418,PBE0-D3(BJ),def2-SVP,PySCF
M23_C009,M23,hydroquinone,redox_active,14,-10393.849113474254,4.3891062305534465,1.2556393333640727,PBE0-D3(BJ),def2-SVP,PySCF
M23_C010,M23,hydroquinone,redox_active,14,-10393.69312916293,4.184316966040236,1.5155184779004038,PBE0-D3(BJ),def2-SVP,PySCF
M23_C011,M23,hydroquinone,redox_active,14,-10393.656014818114,3.0668635420989943,1.4050783830696596,PBE0-D3(BJ),def2-SVP,PySCF
M23_C012,M23,hydroquinone,redox_active,14,-10393.647095429471,3.0190645043423,1.3950677600332526,PBE0-D3(BJ),def2-SVP,PySCF
M23_C013,M23,hydroquinone,redox_active,14,-10393.855111820929,4.192386570220412,1.3612893156720909,PBE0-D3(BJ),def2-SVP,PySCF
M23_C014,M23,hydroquinone,redox_active,14,-10393.50093436245,3.2605320655336536,1.2389984065336108,PBE0-D3(BJ),def2-SVP,PySCF
M23_C015,M23,hydroquinone,redox_active,14,-10393.316744741282,5.787309774774247,1.8603287005966416,PBE0-D3(BJ),def2-SVP,PySCF
M23_C016,M23,hydroquinone,redox_active,14,-10393.559459706532,5.004510481847015,1.782359874567065,PBE0-D3(BJ),def2-SVP,PySCF
M23_C017,M23,hydroquinone,redox_active,14,-10393.480993837564,5.0332796636642,1.6641888685654849,PBE0-D3(BJ),def2-SVP,PySCF
M23_C018,M23,hydroquinone,redox_active,14,-10393.740219952126,3.762311471080571,1.1814296452031445,PBE0-D3(BJ),def2-SVP,PySCF
M23_C019,M23,hydroquinone,redox_active,14,-10393.12651511653,7.154733673322226,1.8018239508482123,PBE0-D3(BJ),def2-SVP,PySCF
M23_C020,M23,hydroquinone,redox_active,14,-10392.830314497565,5.780667668674275,2.2291158283006456,PBE0-D3(BJ),def2-SVP,PySCF
M23_C021,M23,hydroquinone,redox_active,14,-10393.537906009464,4.620282278912982,1.747825347705939,PBE0-D3(BJ),def2-SVP,PySCF
M23_C022,M23,hydroquinone,redox_active,14,-10392.92836505368,7.374882454179841,2.1340648613604998,PBE0-D3(BJ),def2-SVP,PySCF
M23_C023,M23,hydroquinone,redox_active,14,-10393.044482937168,7.872435584084817,2.148589080237879,PBE0-D3(BJ),def2-SVP,PySCF
M23_C024,M23,hydroquinone,redox_active,14,-10393.35038946481,5.775688190992758,1.5006873946232708,PBE0-D3(BJ),def2-SVP,PySCF
M24_C001,M24,phenazine,redox_active,22,-15525.403955049325,2.267092810331777,0.8581740524255891,PBE0-D3(BJ),def2-SVP,PySCF
M24_C002,M24,phenazine,redox_active,22,-15524.041683396636,8.95307932207985,1.6967622747262041,PBE0-D3(BJ),def2-SVP,PySCF
M24_C003,M24,phenazine,redox_active,22,-15523.45430451307,6.625381291089946,2.031626671841007,PBE0-D3(BJ),def2-SVP,PySCF
M24_C004,M24,phenazine,redox_active,22,-15523.819962611009,5.105947163301041,1.569399857762276,PBE0-D3(BJ),def2-SVP,PySCF
M24_C005,M24,phenazine,redox_active,22,-15523.866518883888,7.019174502059959,1.6764258784127766,PBE0-D3(BJ),def2-SVP,PySCF
M24_C006,M24,phenazine,redox_active,22,-15523.733934195125,4.763474124383441,1.6207595336931757,PBE0-D3(BJ),def2-SVP,PySCF
M24_C007,M24,phenazine,redox_active,22,-15523.978912586212,5.157693182205172,1.4859124963188302,PBE0-D3(BJ),def2-SVP,PySCF
M24_C008,M24,phenazine,redox_active,22,-15523.24253092064,6.974537864001901,2.196305386616795,PBE0-D3(BJ),def2-SVP,PySCF
M24_C009,M24,phenazine,redox_active,22,-15523.903742548551,6.88077605108212,1.6646082363672865,PBE0-D3(BJ),def2-SVP,PySCF
M24_C010,M24,phenazine,redox_active,22,-15523.803780918175,6.3572080615735835,1.8535909583904817,PBE0-D3(BJ),def2-SVP,PySCF
M24_C011,M24,phenazine,redox_active,22,-15523.678659006753,6.540682729650864,1.7185086868116513,PBE0-D3(BJ),def2-SVP,PySCF
M24_C012,M24,phenazine,redox_active,22,-15523.816160580065,4.963261129092979,1.6788979016065555,PBE0-D3(BJ),def2-SVP,PySCF
M24_C013,M24,phenazine,redox_active,22,-15523.205402678012,8.154925923130468,2.028934956615324,PBE0-D3(BJ),def2-SVP,PySCF
M24_C014,M24,phenazine,redox_active,22,-15523.577681477676,5.757615349539812,1.7177167549596175,PBE0-D3(BJ),def2-SVP,PySCF
M24_C015,M24,phenazine,redox_active,22,-15522.529959026082,7.518227263097884,2.3043394835412045,PBE0-D3(BJ),def2-SVP,PySCF
M24_C016,M24,phenazine,redox_active,22,-15523.755051681397,6.1407237712735325,1.7664636484752585,PBE0-D3(BJ),def2-SVP,PySCF
M24_C017,M24,phenazine,redox_active,22,-15524.066013391135,5.405728352837086,1.6270913638514592,PBE0-D3(BJ),def2-SVP,PySCF
M24_C018,M24,phenazine,redox_active,22,-15523.50599342119,7.0534046539149,2.08624838011818,PBE0-D3(BJ),def2-SVP,PySCF
M24_C019,M24,phenazine,redox_active,22,-15523.07046843186,11.873021401443115,2.2108968397650623,PBE0-D3(BJ),def2-SVP,PySCF
M24_C020,M24,phenazine,redox_active,22,-15522.615816739732,8.481775811478247,2.4939206523950483,PBE0-D3(BJ),def2-SVP,PySCF
M24_C021,M24,phenazine,redox_active,22,-15524.129446965273,4.743874636510011,1.547643857909899,PBE0-D3(BJ),def2-SVP,PySCF
M24_C022,M24,phenazine,redox_active,22,-15523.937924267882,5.4225651987925545,1.7160755655907998,PBE0-D3(BJ),def2-SVP,PySCF
M24_C023,M24,phenazine,redox_active,22,-15524.356766656349,4.851001312997615,1.4039256282235208,PBE0-D3(BJ),def2-SVP,PySCF
M24_C024,M24,phenazine,redox_active,22,-15524.147396893406,5.358219000776715,1.6308810030739365,PBE0-D3(BJ),def2-SVP,PySCF
